timestamp,accX,accY,accZ,gyroX,gyroY,gyroZ,tempMPU,IR,Red,BPM,DS1
4190627870,172,660,16064,-316,-9,-238,36.44,585,268,0.00,32.25
4191252906,160,616,16244,-330,-21,-235,36.39,534,128,0.00,32.25
4191286156,228,628,16036,-306,-20,-224,36.34,574,106,0.00,32.31
4191911193,144,684,16160,-303,-32,-200,36.39,155,1327,0.39,32.31
4191945692,148,532,16092,-313,-27,-212,36.48,140,1486,0.00,32.31
4192570724,208,656,16004,-329,-45,-216,36.39,464,1908,0.00,32.31
4192604000,156,632,16196,-301,-14,-227,36.39,701,1858,0.00,32.31
4193229055,208,780,16036,-318,-21,-226,36.39,1477,592,0.00,32.31
4193262304,204,656,16156,-287,-20,-216,36.39,1605,577,0.00,32.25
4193887351,256,720,16104,-296,-36,-231,36.34,644,582,0.51,32.25
4193921823,236,656,16156,-279,-31,-220,36.39,607,588,0.00,32.25
4194546867,284,676,16016,-311,-20,-206,36.39,547,228,0.00,32.25
4194580131,284,740,16180,-334,-20,-239,36.39,590,235,0.00,32.25
4195205169,192,700,16044,-294,-21,-212,36.39,455,70,0.76,32.25
4195239639,252,668,16104,-278,-22,-217,36.34,344,71,0.00,32.25
4195864688,196,636,16164,-297,-20,-233,36.29,135,1756,0.00,32.25
4195897943,292,668,16268,-325,-32,-228,36.39,140,1703,0.00,32.25
4196522986,128,596,16112,-283,-18,-214,36.29,1271,1205,0.00,32.25
4196556233,156,584,16268,-298,-31,-208,36.34,1456,1008,0.00,32.31
4197181275,272,628,16004,-314,-17,-242,36.39,1852,577,0.00,32.31
4197215753,216,668,16212,-292,-2,-243,36.34,1753,587,0.50,32.25
4197840811,284,672,16132,-297,-30,-213,36.44,576,589,0.00,32.25
4197874071,228,700,15984,-300,-29,-203,36.34,607,594,0.00,32.31
4198499100,256,536,16088,-286,-32,-227,36.29,541,169,0.78,32.31
4198533561,212,680,16036,-334,-30,-210,36.29,574,159,0.00,32.31
4199158605,240,596,16044,-310,-8,-211,36.34,204,477,1.52,32.31
4199191860,256,724,16180,-320,-9,-215,36.34,214,734,0.00,32.25
4199816904,160,680,16168,-285,-17,-228,36.39,75,1597,1.52,32.25
4199850170,208,572,16120,-313,-31,-193,36.39,124,1702,0.00,32.25
4200475228,184,700,16012,-291,-25,-227,36.44,1537,581,0.00,32.25
4200509684,192,632,16140,-294,-33,-234,36.34,1527,570,1.43,32.31
4201134740,188,700,16020,-307,-34,-207,36.39,627,642,0.00,32.31
4201168008,240,664,16132,-316,-6,-237,36.39,640,604,0.00,32.25
4201793051,236,596,16232,-305,-46,-212,36.39,511,227,0.78,32.25
4201826303,280,688,16116,-305,-21,-221,36.39,580,207,0.00,32.25
4202451338,332,716,16084,-312,-21,-206,36.29,246,94,1.52,32.25
4202485799,240,720,15996,-331,-12,-218,36.29,222,115,0.00,32.25
4203110861,212,736,16116,-291,-22,-212,36.34,89,1620,0.00,32.25
4203144108,212,724,16068,-288,-2,-237,36.29,105,1573,0.00,32.25
4203769140,216,632,16140,-309,-21,-211,36.39,1591,635,0.00,32.25
4203802389,260,656,16208,-307,-10,-188,36.25,1610,593,0.00,32.25
4204427425,128,672,15988,-315,-37,-233,36.44,757,591,0.51,32.25
4204461897,336,704,16256,-302,-13,-207,36.34,665,583,0.00,32.25
4205086953,244,640,15888,-316,-45,-229,36.34,552,243,0.00,32.25
4205120209,252,680,16044,-311,-18,-225,36.34,595,233,0.00,32.31
4205745234,308,656,16184,-328,-34,-220,36.25,356,70,0.76,32.31
4205779692,228,664,16184,-323,-33,-236,36.29,238,78,0.00,32.25
4206404728,192,620,16116,-293,-21,-239,36.25,94,1690,0.00,32.25
4206437973,212,532,16036,-299,-52,-202,36.29,106,1636,0.00,32.25
4207063017,228,672,15996,-294,-40,-222,36.29,1664,667,0.00,32.25
4207096282,328,700,16024,-326,-27,-198,36.20,1662,641,0.74,32.25
4207721332,228,656,16072,-315,-9,-226,36.11,994,556,0.00,32.25
4207755789,256,620,16104,-308,-22,-224,36.20,814,560,0.00,32.25
4208380831,240,660,16016,-315,-9,-233,36.29,580,463,0.00,32.25
4208414079,184,644,16084,-308,-19,-228,36.25,618,332,0.00,32.25
4209039139,168,620,16088,-270,-20,-213,36.25,508,124,0.52,32.25
4209072417,224,688,16076,-296,-30,-214,36.25,569,102,0.00,32.25
4209697466,148,588,16088,-300,-23,-231,36.29,156,1584,1.52,32.25
4209731936,300,616,16120,-306,-13,-235,36.25,124,1670,0.00,32.25
4210356999,316,600,16132,-308,-17,-231,36.25,1214,1389,0.00,32.25
4210390258,260,604,16132,-294,-5,-217,36.29,1382,1173,0.00,32.25
4211015300,188,600,15972,-310,-10,-241,36.20,1795,570,0.00,32.25
4211048547,264,700,16036,-320,-28,-223,36.25,1748,550,0.74,32.25
4211673677,284,628,16128,-300,-41,-237,36.25,609,551,0.00,32.25
4211708160,240,636,16088,-306,-39,-216,36.25,568,561,0.00,32.25
4212333215,188,624,16156,-317,-41,-227,36.20,555,193,0.00,32.25
4212366483,192,680,16196,-321,-27,-220,36.20,594,181,0.00,32.25
4212991513,216,648,16040,-318,-29,-232,36.29,164,251,0.52,32.25
4213025984,288,692,16100,-303,-43,-224,36.15,190,534,0.00,32.25
4213651041,228,628,16004,-316,-45,-212,36.20,101,1630,1.52,32.25
4213684299,268,720,16108,-274,-25,-217,36.11,125,1588,0.00,32.25
4214309367,252,700,16232,-308,-33,-238,36.15,1603,610,0.00,32.25
4214342631,188,576,16032,-332,-17,-237,36.20,1627,623,0.00,32.25
4214967670,196,684,16108,-317,-30,-235,36.20,909,545,0.76,32.25
4215002135,264,740,16164,-297,-7,-201,36.25,775,557,0.00,32.25
4215627182,212,592,16088,-296,-36,-226,36.20,586,569,0.00,32.25
4215660432,220,700,16048,-309,-25,-214,36.11,609,507,0.00,32.25
4216285471,224,740,16064,-311,-33,-220,36.25,527,165,0.76,32.25
4216318719,164,712,16064,-312,-29,-235,36.20,568,143,0.00,32.25
4216943770,232,564,16204,-296,-8,-213,36.20,194,757,1.52,32.25
4216978234,176,744,16136,-295,-47,-222,36.11,183,981,0.00,32.25
4217603277,296,644,16068,-320,-13,-225,36.25,107,1533,0.00,32.25
4217636528,200,716,16172,-307,-39,-233,36.11,124,1626,0.00,32.25
4218261575,276,712,15996,-307,-7,-211,36.20,1625,589,0.00,32.25
4218296048,172,760,15996,-318,-34,-221,36.11,1572,590,0.74,32.25
4218921113,172,624,16116,-310,-20,-241,36.11,918,649,0.00,32.25
4218954385,140,544,16132,-296,-35,-232,36.11,841,613,0.00,32.25
4219579423,272,660,15984,-309,-1,-216,36.06,535,540,0.00,32.25
4219612671,332,656,16056,-287,-23,-221,36.15,590,495,0.00,32.25
4220237701,284,692,16008,-302,-13,-226,36.11,576,157,0.52,32.25
4220272158,260,512,16016,-306,-17,-233,36.20,575,178,0.00,32.25
4220897194,224,568,16080,-341,-21,-208,36.11,161,492,0.00,32.25
4220930442,244,720,16204,-314,-8,-230,36.15,197,699,0.00,32.25
4221555471,320,696,16076,-329,-30,-226,36.11,97,1518,0.76,32.25
4221589941,232,592,16044,-281,-32,-215,36.20,88,1515,0.00,32.25
4222214983,228,608,16260,-301,-36,-233,36.06,1679,732,0.00,32.25
4222248233,228,700,16248,-308,-9,-229,36.06,1699,692,0.00,32.25
4222873290,240,700,16144,-270,-7,-222,36.20,1629,576,0.76,32.25
4222906536,156,648,15980,-307,-37,-216,36.20,1559,555,0.00,32.25
4223531662,180,596,16204,-279,-29,-226,36.20,605,572,0.00,32.25
4223566111,300,632,16076,-311,-50,-224,36.11,604,575,0.00,32.19
4224191167,192,588,16144,-304,-14,-243,36.15,531,188,0.00,32.19
4224224418,216,668,16272,-303,-18,-217,36.11,583,204,0.00,32.25
4224849461,240,640,16088,-304,-25,-225,36.11,248,72,0.51,32.25
4224883944,268,576,16352,-289,-20,-222,36.15,232,89,0.00,32.25
4225508986,136,632,16076,-300,-30,-221,36.20,136,1722,0.00,32.25
4225542244,192,568,16156,-297,-17,-201,36.11,131,1699,0.00,32.25
4226167305,240,656,16176,-292,-24,-235,36.06,983,1644,0.00,32.25
4226200564,236,636,16252,-308,-14,-221,36.15,1179,1472,0.00,32.19
4226825708,208,640,15972,-292,-12,-238,36.06,1097,601,0.51,32.19
4226860178,256,632,16092,-305,-6,-220,36.11,1665,599,0.00,32.19
4227485218,324,612,16288,-295,-23,-216,36.20,597,569,1.52,32.19
4227518499,160,592,16192,-308,-33,-235,36.11,637,602,0.00,32.25
4228143543,176,644,16024,-297,-27,-212,36.11,555,227,1.52,32.25
4228177999,192,616,16220,-314,-35,-191,36.20,562,219,0.00,32.19
4228803040,208,736,16044,-310,-16,-215,36.06,565,168,0.00,32.19
4228836300,196,616,16096,-296,-37,-236,36.11,590,121,0.00,32.19
4229461331,240,728,16224,-301,-42,-226,36.15,114,1259,0.76,32.19
4229494613,256,608,15976,-302,-18,-214,36.06,172,1371,0.00,32.25
4230119654,244,648,16168,-284,-24,-216,36.11,211,1787,0.00,32.25
4230154122,220,648,16184,-293,-31,-211,36.06,400,1844,0.00,32.19
4230779187,180,580,16140,-288,-18,-202,36.06,1524,609,0.00,32.19
4230812443,216,604,16148,-301,-5,-221,36.11,1555,632,0.00,32.25
4231437483,292,624,16012,-322,-6,-232,36.01,658,578,0.51,32.25
4231470754,248,756,16080,-306,-11,-219,36.11,650,553,0.00,32.19
4232095891,164,608,16164,-314,-7,-234,36.01,659,376,0.00,32.19
4232130360,172,572,16208,-285,-22,-224,36.11,585,238,1.43,32.25
4232755400,276,660,16028,-287,-31,-213,36.11,544,126,0.00,32.25
4232788658,216,596,16012,-300,-40,-212,36.01,581,147,0.00,32.19
4233413720,296,652,16068,-299,-25,-210,36.06,183,1101,0.78,32.19
4233448199,276,656,16116,-329,-21,-213,36.01,172,1221,0.00,32.19
4234073247,264,728,16116,-280,-35,-221,35.97,121,1784,0.00,32.19
4234106527,260,644,16148,-293,-17,-217,36.06,230,1806,0.00,32.25
4234731554,256,672,15928,-285,-32,-211,36.06,1539,611,0.00,32.25
4234764822,192,604,16168,-310,-25,-225,36.06,1560,593,0.00,32.19
4235389864,264,644,16132,-293,-30,-209,36.11,736,555,0.51,32.19
4235424363,256,616,16052,-309,-13,-217,36.11,657,557,0.00,32.19
4236049423,212,704,16112,-307,-36,-227,36.01,577,393,0.00,32.19
4236082679,212,676,16140,-313,-28,-220,36.01,610,266,0.00,32.19
4236707723,220,624,16028,-303,-53,-220,36.06,525,114,0.76,32.19
4236740979,252,724,16088,-316,-16,-224,36.01,565,98,0.00,32.19
4237366022,192,656,16060,-295,-10,-221,36.06,195,1297,1.52,32.19
4237400494,228,680,15956,-329,-20,-241,36.06,173,1415,0.00,32.19
4238025544,228,612,16288,-314,-29,-227,36.06,364,1847,0.00,32.19
4238058806,208,540,15956,-322,-26,-222,36.01,628,1872,0.00,32.19
4238683848,180,604,16136,-295,-41,-228,36.06,1501,568,0.00,32.19
4238718325,136,536,16104,-297,-1,-237,36.06,1544,574,0.00,32.19
4239343370,252,692,15876,-310,-26,-218,35.97,630,686,0.51,32.19
4239376638,204,648,16196,-297,-19,-217,35.92,640,602,0.00,32.19
4240001687,228,632,16048,-326,-22,-224,36.11,531,236,1.52,32.19
4240034934,208,688,16160,-320,-33,-227,35.97,591,241,0.00,32.19
4240659999,220,576,16100,-305,-22,-211,36.06,537,75,1.52,32.19
4240694477,288,716,16140,-300,-2,-220,36.06,455,80,0.00,32.19
4241319532,264,684,16176,-304,-32,-210,36.01,157,1612,0.00,32.19
4241352778,228,632,16088,-294,-16,-218,36.01,161,1678,0.00,32.19
4241977823,204,624,16072,-303,-15,-214,36.01,921,1674,0.00,32.19
4242011074,140,684,16176,-314,-17,-239,36.01,1140,1511,0.00,32.19
4242636131,228,696,15996,-320,-10,-222,35.92,1720,603,0.00,32.19
4242670604,324,660,16224,-303,-49,-221,35.97,1792,597,0.00,32.19
4243295649,220,664,15988,-315,-33,-218,36.06,577,589,0.38,32.19
4243328919,316,704,16172,-336,-29,-228,36.06,619,591,0.00,32.19
4243953972,120,608,16120,-342,-6,-209,35.97,549,180,1.52,32.19
4243988455,304,664,16108,-305,-3,-232,35.97,566,182,0.00,32.19
4244613500,148,612,16088,-305,-39,-224,36.06,233,183,1.52,32.19
4244646754,156,636,16224,-294,-3,-219,35.97,237,134,0.00,32.19
4245271813,164,608,16152,-283,-27,-226,35.97,43,1562,1.52,32.19
4245305109,264,600,16096,-315,-22,-217,36.01,100,1569,0.00,32.19
4245930156,288,652,16104,-316,-15,-233,36.06,1656,609,0.00,32.19
4245964619,232,644,16108,-292,-10,-233,36.01,1602,601,1.43,32.19
4246589663,272,564,16220,-314,-40,-221,35.92,997,624,0.00,32.19
4246622931,188,680,16040,-296,-14,-219,35.97,892,605,0.00,32.19
4247247994,292,632,15980,-277,-26,-235,36.01,531,498,0.00,32.19
4247281250,224,656,16168,-306,-44,-196,36.01,584,405,0.00,32.19
4247906294,260,568,15976,-304,-35,-224,35.92,592,110,0.00,32.19
4247940758,296,600,16096,-297,-9,-226,35.92,565,102,0.51,32.12
4248565803,248,692,16140,-303,-22,-217,36.01,157,1538,0.00,32.12
4248599061,248,668,16068,-305,-2,-217,35.87,178,1656,0.00,32.19
4249224097,232,696,16124,-296,-6,-210,36.01,1068,1545,0.00,32.19
4249257357,260,604,16132,-308,-24,-243,36.01,1249,1294,0.00,32.19
4249882473,204,584,15964,-318,-32,-232,35.97,1842,577,0.00,32.19
4249916958,212,720,16112,-297,-49,-252,35.92,1808,587,0.51,32.19
4250542026,200,584,16108,-326,-15,-225,36.06,566,592,0.00,32.19
4250575295,204,592,16236,-317,11,-237,36.01,618,596,0.00,32.12
4251200358,256,696,15936,-307,-2,-239,35.97,534,160,0.78,32.12
4251233625,252,572,16172,-306,-12,-220,35.97,574,144,0.00,32.19
4251858767,192,636,15992,-281,-10,-221,36.06,199,860,1.52,32.19
4251893269,260,640,16060,-305,-17,-225,35.87,184,1096,0.00,32.19
4252518311,308,640,16072,-272,-11,-204,35.92,150,1792,0.00,32.19
4252551578,176,636,16172,-334,-28,-235,35.92,426,1868,0.00,32.12
4253176634,196,708,16192,-302,-26,-227,36.01,1499,569,0.00,32.12
4253211105,252,648,16164,-307,-12,-222,35.97,1591,553,0.00,32.12
4253836142,248,728,16152,-299,-21,-227,35.97,613,664,0.51,32.12
4253869415,236,708,16276,-277,-41,-221,35.92,639,604,0.00,32.12
4254494466,228,692,16048,-300,-34,-225,36.06,528,219,1.52,32.12
4254527718,332,668,16112,-308,-15,-208,36.06,580,194,0.00,32.12
4255152777,164,700,15960,-302,-28,-211,35.92,213,191,1.52,32.12
4255187245,236,676,16160,-308,-29,-200,35.97,193,450,0.00,32.12
4255812296,260,652,15996,-301,-19,-222,36.01,132,1669,0.00,32.12
4255845560,268,572,15968,-311,-29,-230,36.01,131,1745,0.00,32.12
4256470619,184,600,16112,-320,-24,-215,36.01,1456,604,0.00,32.12
4256503885,192,692,15980,-322,-25,-218,36.06,1547,582,0.00,32.12
4257128921,208,544,16140,-302,-14,-217,36.01,610,560,0.51,32.12
4257163398,180,680,16032,-287,-21,-236,35.97,585,563,0.00,32.12
4257788472,172,596,16060,-299,16,-239,35.97,563,207,0.00,32.12
4257821731,164,672,15920,-285,-24,-242,36.06,592,198,0.00,32.12
4258446767,208,756,16148,-310,-21,-225,36.06,171,108,0.76,32.12
4258480036,120,724,16176,-305,-10,-236,36.01,205,280,0.00,32.12
4259105183,268,636,16212,-296,2,-215,35.97,119,1559,1.52,32.12
4259139658,216,636,16200,-319,-23,-216,35.97,134,1598,0.00,32.12
4259764712,248,560,16192,-292,-26,-237,36.01,1561,609,0.00,32.12
4259797974,312,652,16024,-307,-38,-218,36.01,1581,619,0.00,32.12
4260423027,308,644,16048,-317,-31,-227,35.97,658,550,0.76,32.12
4260457485,228,660,16124,-298,-4,-215,36.01,611,556,0.00,32.12
4261082531,280,760,16024,-300,-28,-237,36.01,578,258,0.00,32.12
4261115777,244,572,16020,-330,6,-217,35.97,608,233,0.00,32.12
4261740834,232,592,16036,-339,-17,-239,35.92,376,86,0.76,32.12
4261774096,172,620,16016,-306,-33,-225,35.92,289,92,0.00,32.12
4262399213,172,600,16084,-322,-11,-206,35.87,113,1704,0.00,32.12
4262433665,196,640,16184,-315,-32,-217,35.92,90,1656,0.00,32.12
4263058704,212,668,16180,-294,-5,-239,36.01,101,951,0.00,32.12
4263091989,140,516,16172,-296,-27,-214,35.92,1619,812,0.00,32.06
4263717040,212,704,15932,-338,-27,-248,35.92,1552,558,0.51,32.06
4263751528,208,692,16056,-299,-12,-190,36.01,1359,564,0.00,32.06
4264376562,224,680,15900,-285,-29,-251,35.87,589,612,0.00,32.06
4264409816,236,644,16060,-289,-42,-210,35.92,610,559,0.00,32.06
4265034857,180,632,16080,-291,-36,-223,36.01,519,130,0.76,32.06
4265068123,220,592,16016,-314,-28,-230,35.92,573,99,0.00,32.06
4265693194,216,724,16148,-334,2,-224,36.01,162,1481,1.52,32.06
4265727662,216,520,16036,-292,-33,-230,35.92,160,1604,0.00,32.12
4266352709,268,600,16044,-282,-35,-229,35.92,1149,1460,0.00,32.12
4266385964,192,728,16060,-296,-20,-222,35.97,1330,1281,0.00,32.12
4267011022,200,636,16128,-300,-42,-214,35.87,1786,573,0.00,32.12
4267045501,240,632,16104,-307,-23,-222,35.87,1706,561,0.74,32.06
4267670553,180,680,16120,-309,-40,-233,35.87,595,659,0.00,32.06
4267703818,200,584,15952,-302,-25,-222,35.92,609,586,0.00,32.12
4268328863,312,532,16112,-323,-21,-223,35.92,530,135,0.78,32.12
4268362136,236,672,16208,-304,-38,-223,35.87,569,134,0.00,32.06
4268987194,232,564,16312,-303,-29,-206,35.82,163,1547,1.52,32.06
4269021663,212,636,16104,-320,-26,-225,35.92,134,1654,0.00,32.12
4269646703,244,632,16240,-284,-14,-232,35.92,1413,1141,0.00,32.12
4269679948,184,720,16052,-290,-37,-228,35.87,1587,929,0.00,32.12
4270304996,208,536,16088,-291,0,-208,35.92,1375,579,0.76,32.12
4270338270,184,784,16072,-285,-9,-229,35.92,1214,563,0.00,32.06
4270963317,200,604,16156,-282,-37,-233,35.97,592,477,0.00,32.06
4270997784,232,680,16124,-328,-33,-237,36.01,575,339,0.00,32.12
4271622842,340,728,16188,-289,-29,-229,35.87,525,107,0.00,32.12
4271656082,272,604,16064,-317,-27,-239,35.97,515,90,0.00,32.06
4272281121,296,720,16116,-307,-27,-223,36.01,90,1606,0.00,32.06
4272315600,232,684,16036,-302,-45,-243,35.87,80,1609,0.00,32.12
4272940625,340,620,16084,-311,-24,-233,35.92,1644,738,0.00,32.12
4272973882,244,660,16048,-297,-29,-219,35.82,1703,663,0.00,32.06
4273598937,216,728,16232,-282,-39,-205,35.82,693,572,0.30,32.06
4273632189,248,672,16200,-283,-17,-216,35.92,679,561,0.00,32.12
4274257238,140,656,16000,-300,-34,-230,35.82,706,237,0.00,32.12
4274291714,208,604,16244,-284,-24,-223,35.97,573,219,1.43,32.06
4274916768,164,672,16140,-282,-44,-224,35.87,245,106,0.00,32.06
4274950042,232,636,16124,-276,-32,-224,35.97,247,149,0.00,32.06
4275575075,252,608,16256,-299,-34,-235,35.97,104,1496,0.78,32.06
4275609552,96,612,16088,-310,-29,-223,35.92,119,1524,0.00,32.06
4276234582,220,644,16168,-290,-10,-236,35.92,1528,674,0.00,32.06
4276267836,264,664,16204,-309,-30,-220,35.87,1564,622,0.00,32.06
4276892873,188,684,16076,-309,11,-220,35.87,551,571,0.76,32.06
4276926146,156,632,16088,-288,-24,-222,35.82,606,555,0.00,32.06
4277551190,168,624,16080,-329,-12,-227,35.87,574,179,1.52,32.06
4277585656,200,600,15976,-291,-39,-224,35.97,557,179,0.00,32.06
4278210691,248,652,16024,-306,-16,-205,35.97,161,950,0.00,32.06
4278243941,212,664,16160,-312,-33,-228,35.82,184,1174,0.00,32.06
4278868977,240,660,16176,-305,-1,-223,35.92,662,1781,0.00,32.06
4278903429,188,576,16104,-318,-33,-229,35.92,901,1685,0.00,32.06
4279528489,240,644,16208,-304,-14,-212,35.92,1834,646,0.00,32.06
4279561755,192,644,16184,-318,-21,-211,35.87,1853,624,0.00,32.06
4280186785,204,604,16096,-302,-38,-222,35.92,540,569,0.38,32.06
4280220046,188,628,16116,-309,-32,-192,35.92,588,542,0.00,32.06
4280845102,232,608,16072,-283,-41,-223,36.01,578,120,1.52,32.06
4280879601,168,712,16104,-283,-26,-225,35.82,547,105,0.00,32.06
4281504651,256,572,16280,-289,-32,-248,35.92,142,1639,0.00,32.06
4281537908,292,600,15948,-295,-40,-210,35.87,146,1701,0.00,32.06
4282162956,176,640,16180,-280,-7,-232,35.87,1495,874,0.00,32.06
4282196209,224,632,16104,-330,-38,-236,35.92,1628,736,0.00,32.06
4282821337,208,664,16100,-318,-26,-232,35.87,1085,595,0.51,32.06
4282855796,164,604,16156,-290,-37,-227,35.87,883,587,0.00,32.06
4283480846,216,584,16068,-281,-31,-205,35.92,555,246,0.00,32.06
4283514104,372,692,16036,-312,-32,-243,35.92,595,244,0.00,32.06
4284139152,280,672,16212,-330,-8,-224,35.87,235,84,0.76,32.06
4284173611,244,696,16060,-296,-40,-212,35.87,237,98,0.00,32.06
4284798657,136,648,16096,-305,-29,-216,35.87,82,1682,1.52,32.06
4284831912,392,636,15948,-306,3,-232,35.82,105,1563,0.00,32.06
4285456955,296,688,16052,-296,-28,-221,35.78,1574,596,0.00,32.06
4285490219,252,576,16064,-300,-9,-215,35.78,1593,614,0.00,32.06
4286115262,204,628,16048,-314,-30,-235,35.82,647,556,0.76,32.06
4286149719,316,596,16188,-335,-24,-199,35.82,608,561,0.00,32.06
4286774783,316,580,16144,-302,-30,-217,35.78,581,237,0.00,32.06
4286808050,160,660,15936,-294,-51,-222,35.92,606,230,0.00,32.00
4287433096,220,668,16084,-293,-17,-217,35.92,247,122,0.76,32.00
4287466360,268,624,16152,-312,-19,-234,35.87,239,119,0.00,32.06
4288091399,184,660,16012,-299,-15,-233,35.82,224,1567,0.00,32.06
4288125848,156,712,16072,-293,-22,-220,35.87,77,1551,0.00,32.06
4288750902,240,568,16020,-290,-12,-219,35.87,1579,622,0.00,32.06
4288784173,240,672,16104,-299,-34,-205,35.97,1599,629,0.00,32.06
4289409219,168,632,16104,-303,-33,-221,35.82,596,567,0.51,32.06
4289442479,180,572,15984,-294,-32,-232,35.82,616,555,0.00,32.06
4290067619,160,632,16048,-311,-33,-203,35.92,592,213,1.52,32.06
4290102102,196,616,16076,-311,-19,-218,35.82,578,220,0.00,32.06
4290727158,200,676,16136,-280,-25,-224,35.82,211,142,0.00,32.06
4290760415,228,708,16260,-305,-46,-239,35.92,230,139,0.00,32.06
4291385464,208,728,16024,-339,-48,-240,35.87,48,1531,0.76,32.06
4291418726,244,544,15876,-286,-42,-222,35.82,91,1515,0.00,32.06
4292043846,280,612,16060,-304,-25,-215,35.87,97,613,0.00,32.06
4292078312,212,672,16080,-309,-50,-236,35.87,1554,613,0.00,32.06
4292703372,232,552,16100,-325,-47,-235,35.82,595,599,0.76,32.06
4292736652,268,644,16080,-296,-19,-223,35.82,633,607,0.00,32.06
4293361697,188,580,16148,-322,-38,-224,35.87,530,203,1.52,32.06
4293394979,228,644,15996,-316,-19,-223,35.92,582,185,0.00,32.06
4294020032,260,520,16104,-302,-18,-215,35.87,206,471,1.52,32.06
4294054490,228,776,16052,-314,-30,-233,35.82,177,759,0.00,32.06
4294679523,256,596,16068,-276,-45,-217,35.82,340,1849,0.00,32.06
4294712765,168,604,16212,-311,-16,-217,35.87,651,1846,0.00,32.06
4295337810,192,636,16008,-300,-35,-227,35.82,1769,572,0.00,32.06
4295371078,184,588,15948,-294,-38,-236,35.82,1834,561,0.00,32.00
4295996141,212,632,15960,-308,-22,-222,35.92,600,568,0.51,32.00
4296030632,260,624,15948,-313,-19,-189,35.87,581,560,0.00,32.06
4296655694,200,664,16192,-306,-28,-227,35.92,544,137,0.00,32.06
4296688964,104,688,16044,-305,-5,-220,35.87,588,115,0.00,32.06
4297314022,280,624,16180,-291,-15,-222,35.87,81,1664,0.76,32.06
4297347288,208,652,16088,-300,-53,-231,35.92,106,1639,0.00,32.06
4297972372,256,616,16020,-319,-44,-208,35.92,112,687,0.00,32.06
4298006861,152,596,15984,-292,0,-218,35.92,1672,647,0.00,32.06
4298631919,196,652,16112,-315,-30,-220,35.82,661,592,0.76,32.06
4298665209,172,680,16144,-313,-47,-250,35.87,657,602,0.00,32.00
4299290270,232,652,16132,-314,-26,-240,35.82,537,216,0.00,32.00
4299323542,248,700,16048,-292,1,-230,35.87,579,188,0.00,32.06
4299948619,244,732,16052,-334,-14,-225,35.82,211,455,0.76,32.06
4299983120,240,672,16092,-275,-39,-228,35.92,178,764,0.00,32.06
4300608203,188,640,16144,-299,-14,-212,35.87,472,1865,0.00,32.06
4300641469,208,640,15948,-293,-25,-210,35.92,789,1814,0.00,32.06
4301266551,136,532,16088,-334,-17,-225,35.87,1808,560,0.00,32.06
4301301019,272,652,16136,-287,-29,-240,35.73,1783,554,0.74,32.06
4301926077,164,612,16124,-286,-22,-217,35.87,590,634,0.00,32.06
4301959350,156,600,16136,-318,-39,-211,35.73,613,534,0.00,32.00
4302584432,304,692,16192,-304,-19,-226,35.82,506,90,0.78,32.00
4302617705,176,668,16008,-309,-54,-216,35.97,472,77,0.00,32.06
4303242786,116,660,16096,-309,3,-228,35.87,66,1563,0.00,32.06
4303277261,308,736,16088,-310,-27,-212,36.01,89,1511,0.00,32.06
4303902313,124,608,16200,-295,-25,-220,35.82,1542,696,0.00,32.06
4303935581,280,640,16144,-302,-12,-222,35.92,1561,624,0.00,32.06
4304560656,204,656,16100,-288,-18,-213,35.87,554,562,0.51,32.06
4304593956,308,684,16004,-310,-29,-224,35.87,598,576,0.00,32.06
4305219067,172,536,16064,-297,-28,-216,35.92,540,119,1.52,32.06
4305253537,224,532,16104,-302,-44,-229,35.92,558,111,0.00,32.00
4305878626,188,620,16200,-320,-12,-242,35.87,117,1761,1.52,32.00
4305911915,256,632,15976,-302,-8,-239,35.87,97,1637,0.00,32.06
4306536989,296,684,16188,-290,-18,-231,35.92,1594,605,0.00,32.06
4306570263,308,712,16164,-300,-27,-225,36.01,1606,629,0.00,32.00
4307195314,212,608,16168,-288,4,-208,35.87,594,547,0.76,32.00
4307229787,120,692,16024,-302,-24,-213,35.78,593,542,0.00,32.00
4307854863,260,656,16204,-322,-13,-230,35.82,579,232,0.00,32.00
4307888124,248,580,16196,-269,-29,-218,35.92,601,159,0.00,32.00
4308513191,184,684,16208,-293,-29,-226,35.82,100,1542,0.76,32.00
4308546467,208,632,16076,-294,-33,-232,35.78,139,1663,0.00,32.00
4309171553,188,708,16128,-305,-47,-231,35.92,1672,685,0.00,32.00
4309206046,208,680,16260,-289,-21,-222,35.97,1627,627,1.43,32.06
4309831123,324,644,16132,-308,-28,-225,35.82,631,632,0.00,32.06
4309864389,208,568,16028,-288,-17,-201,35.78,646,607,0.00,32.00
4310489447,244,676,16048,-305,-16,-212,35.82,521,192,0.78,32.00
4310522711,244,632,16020,-305,-25,-235,35.82,589,170,0.00,32.06
4311147796,188,660,16100,-296,-34,-231,35.82,177,1293,1.52,32.06
4311182276,176,636,16052,-290,-39,-242,35.92,154,1463,0.00,32.00
4311807383,272,700,16080,-302,-2,-245,35.87,1584,855,0.00,32.00
4311840646,296,568,16028,-288,-23,-235,35.78,1698,746,0.00,32.06
4312465710,256,560,15992,-307,-39,-252,35.82,594,571,0.76,32.06
4312499004,204,688,16176,-321,-36,-209,35.78,630,567,0.00,32.00
4313124067,272,664,16092,-309,-27,-225,35.87,594,187,1.52,32.00
4313158555,220,668,16148,-292,-42,-218,35.87,564,197,0.00,32.00
4313783608,172,656,15932,-297,-34,-229,35.87,135,1201,0.00,32.00
4313816899,148,728,15992,-301,-43,-208,35.78,169,1378,0.00,32.00
4314441952,92,672,16136,-319,-43,-209,35.82,1415,1016,0.00,32.00
4314476426,208,616,16008,-316,-18,-230,35.82,1544,796,0.00,32.06
4315101478,256,616,16136,-310,0,-228,35.82,799,650,0.51,32.06
4315134754,304,688,16096,-323,-2,-206,35.92,725,597,0.00,32.00
4315759833,160,660,15996,-305,-37,-225,35.82,507,217,0.00,32.00
4315793095,196,652,16080,-309,-25,-220,35.73,582,197,0.00,32.00
4316418179,156,600,16072,-335,-33,-234,35.92,190,1028,0.76,32.00
4316452658,212,752,16200,-310,-24,-227,35.92,156,1243,0.00,32.06
4317077730,180,640,16128,-306,-14,-209,35.87,1400,1097,0.00,32.06
4317110989,220,620,15964,-285,-20,-230,35.87,1594,870,0.00,32.00
4317736086,236,716,15956,-320,-39,-243,35.92,656,580,0.76,32.00
4317769349,156,540,16024,-306,-20,-222,35.73,646,557,0.00,32.00
4318394412,232,624,16004,-297,-30,-237,35.87,662,187,0.00,32.00
4318428891,240,692,16124,-308,-21,-216,35.87,561,183,1.43,32.00
4319053984,180,528,16128,-318,-17,-225,35.82,139,1504,0.00,32.00
4319087257,220,656,16064,-294,-28,-220,35.87,154,1636,0.00,32.00
4319712333,204,660,16180,-286,-9,-228,35.78,1618,641,0.00,32.00
4319745614,204,680,16224,-290,-50,-227,35.78,1618,596,0.00,32.00
4320370693,320,696,15996,-307,-6,-228,35.82,627,590,0.00,32.00
4320405168,204,672,16072,-334,-33,-221,35.78,609,597,0.00,32.00
4321030229,256,568,16240,-289,-1,-235,35.92,594,161,0.00,32.00
4321063485,188,672,16136,-278,-24,-230,35.73,578,147,0.00,32.00
4321688547,180,712,16072,-279,-38,-228,35.82,114,1643,0.00,32.00
4321723020,224,640,16160,-291,-23,-201,35.87,89,1579,0.00,32.00
4322348097,296,668,16100,-274,-20,-209,35.82,1563,668,0.00,32.00
4322381349,216,572,16012,-305,-3,-227,35.78,1563,627,0.00,32.00
4323006408,204,660,16112,-304,-22,-212,35.87,533,573,0.00,32.00
4323039665,324,764,16064,-287,-18,-233,35.87,595,563,0.00,32.00
4323664736,208,536,16308,-308,-11,-237,35.87,563,88,0.19,32.00
4323699216,264,692,16128,-289,-22,-222,35.82,421,77,0.00,32.00
4324324296,224,592,16172,-296,-22,-235,35.82,91,1591,0.00,32.00
4324357558,208,656,16060,-320,-35,-237,35.82,137,1647,0.00,32.06
4324982622,152,692,16192,-307,-31,-199,35.87,1688,591,0.00,32.06
4325015889,228,588,16112,-300,-48,-242,35.87,1851,563,0.00,32.00
4325640956,204,684,16160,-294,-16,-233,35.78,593,476,0.51,32.00
4325675431,160,684,16112,-315,-27,-210,35.82,573,309,0.00,32.00
4326300515,308,688,16100,-289,-25,-238,35.87,248,110,0.00,32.00
4326333774,236,544,16040,-296,0,-211,35.82,251,140,0.00,32.00
4326958839,224,616,16200,-316,-28,-244,35.78,121,1726,0.76,32.00
4326992101,252,684,16096,-297,-23,-229,35.87,363,1806,0.00,32.00
4327617274,148,752,16216,-345,-32,-221,35.97,1828,574,0.00,32.00
4327651751,228,540,16108,-313,-17,-218,35.97,1676,578,1.43,32.06
4328276838,224,648,16208,-295,-7,-223,35.87,572,318,0.00,32.06
4328310107,268,652,16080,-305,-35,-212,35.78,606,251,0.00,32.00
4328935167,216,636,16072,-299,-30,-213,35.92,187,116,0.78,32.00
4328968464,304,692,16092,-312,-24,-211,35.78,218,104,0.00,32.00
4329593543,228,608,16116,-296,-23,-223,35.82,219,1823,0.00,32.00
4329628022,180,636,15916,-298,-25,-228,35.92,638,1832,0.00,32.00
4330253087,244,576,16112,-326,-31,-217,35.82,1619,599,0.00,32.00
4330286367,224,612,15896,-305,-19,-216,35.82,1393,605,0.74,32.00
4330911423,192,624,16204,-293,-7,-208,35.92,560,251,0.00,32.00
4330944713,128,572,16128,-311,3,-227,35.87,581,225,0.00,32.00
4331569864,224,644,16180,-288,-16,-207,35.87,219,110,0.78,32.00
4331604355,232,736,15996,-316,-1,-217,35.82,200,356,0.00,32.00
4332229415,292,700,16060,-301,-30,-239,35.87,557,1848,0.00,32.00
4332262692,228,664,16116,-333,-40,-224,35.78,900,1735,0.00,32.00
4332887757,204,656,16056,-292,12,-223,35.92,1645,572,0.00,32.00
4332921017,248,676,16080,-307,-24,-223,35.92,1429,555,0.74,32.00
4333546175,140,612,16252,-276,-15,-213,35.82,1557,240,0.00,32.00
4333580667,196,588,16140,-291,-21,-207,35.92,564,246,1.52,32.00
4334205769,244,676,16004,-311,-20,-216,35.97,199,155,0.00,32.00
4334239034,172,620,16164,-289,-10,-241,35.87,225,125,0.00,32.00
4334864102,256,644,16092,-277,-14,-237,35.97,91,1753,0.78,32.00
4334897393,104,636,16064,-297,-35,-226,35.97,377,1818,0.00,32.00
4335522547,204,688,16224,-302,-48,-220,35.92,1841,565,0.00,32.00
4335557021,252,660,16008,-318,-10,-234,35.92,1682,584,1.43,32.00
4336182084,128,560,15828,-293,-37,-218,35.87,562,374,0.00,32.00
4336215357,224,636,16232,-319,-23,-214,35.82,618,256,0.00,32.00
4336840411,156,684,16156,-307,-39,-228,35.82,242,112,0.78,32.00
4336873682,272,640,16152,-315,-7,-216,35.87,234,125,0.00,32.00
4337498743,240,608,16140,-290,-9,-210,35.82,124,1646,0.00,32.00
4337533210,172,704,16160,-289,-31,-210,35.87,111,1754,0.00,32.00
4338158284,144,616,16172,-282,-32,-242,35.87,1682,601,0.00,32.00
4338191562,180,600,16048,-299,-29,-226,36.06,1831,619,0.00,32.00
4338816680,200,620,16212,-298,-22,-202,35.97,554,543,0.51,32.00
4338849956,216,620,16036,-296,-6,-222,35.97,585,528,0.00,32.00
4339475127,212,632,16124,-298,-26,-198,35.87,567,95,1.52,32.00
4339509617,248,740,16120,-282,-9,-215,35.97,529,99,0.00,32.00
4340134685,140,664,16076,-297,-24,-241,35.87,71,1635,0.00,32.00
4340167947,276,648,16240,-278,-34,-234,35.97,83,1638,0.00,32.06
4340793029,264,640,16108,-320,3,-221,35.92,1571,608,0.00,32.06
4340826314,228,548,16076,-284,-27,-204,36.01,1589,591,0.00,32.00
4341451386,148,624,16064,-319,1,-222,35.87,632,591,0.51,32.00
4341485893,260,692,16116,-297,-32,-221,35.97,609,581,0.00,32.06
4342110954,164,552,16128,-302,-11,-222,35.97,613,193,0.00,32.06
4342164118,216,624,16168,-291,-28,-209,36.01,576,190,1.39,32.00
4342789203,152,672,16028,-297,-16,-233,36.01,196,797,0.00,32.00
4342823688,256,672,16032,-294,-36,-230,35.97,177,1057,0.00,32.06
4343448767,208,612,16016,-313,-18,-234,36.06,818,1849,0.00,32.06
4343482043,256,644,16096,-316,-5,-228,35.92,1119,1603,0.00,32.00
4344107098,232,572,16184,-299,-36,-233,35.97,1738,587,0.00,32.00
4344140365,184,660,16000,-297,-35,-218,35.92,1627,567,0.51,32.00
4344765430,264,644,16064,-296,-4,-235,35.92,599,526,0.00,32.00
4344799922,204,736,16024,-299,-23,-214,35.97,567,450,0.00,32.06
4345425002,232,668,16164,-295,-23,-235,35.97,529,117,0.00,32.06
4345458282,276,652,16152,-296,-13,-236,35.97,510,97,0.00,32.00
4346083353,272,612,16152,-307,-11,-223,35.87,48,1600,0.00,32.00
4346116636,212,576,15884,-301,-12,-207,35.87,84,1577,0.00,32.00
4346741718,108,664,16180,-296,-28,-211,35.97,1604,603,0.00,32.00
4346776191,176,632,16012,-297,-11,-216,35.97,1555,602,0.38,32.00
4347401266,248,644,16156,-294,-23,-234,36.01,580,582,0.00,32.00
4347434549,272,644,16088,-331,-29,-223,36.01,626,600,0.00,32.00
4348059612,176,640,15960,-314,-38,-239,36.06,542,178,0.78,32.00
4348092882,236,696,16032,-291,-35,-234,35.97,574,159,0.00,32.00
4348717964,228,716,16032,-322,-2,-218,36.01,176,1356,1.52,32.00
4348752459,148,616,16120,-279,-35,-217,35.97,153,1524,0.00,32.00
4349377526,172,632,16112,-320,-13,-224,35.92,1453,990,0.00,32.00
4349410801,168,584,16012,-298,-7,-216,35.97,1613,821,0.00,32.00
4350035870,264,696,16132,-301,-21,-226,35.97,808,566,0.76,32.00
4350069134,192,676,16128,-305,-25,-242,36.06,722,556,0.00,32.00
4350694302,192,672,16040,-310,-23,-217,36.01,591,204,0.00,32.00
4350728793,140,684,15976,-309,-8,-239,35.97,570,202,0.00,32.00
4351353866,148,612,16088,-325,-22,-225,35.97,201,556,0.00,32.00
4351387135,196,640,16160,-294,-17,-216,36.06,206,881,0.00,32.00
4352012212,208,700,16052,-302,-13,-221,35.92,660,1810,0.00,32.00
4352045474,176,644,16040,-323,-9,-219,36.11,994,1643,0.00,32.00
4352670545,216,716,16144,-301,-21,-210,36.01,1816,568,0.00,32.00
4352705040,196,668,16092,-318,-35,-216,35.97,1624,562,0.37,32.00
4353330116,232,744,16080,-283,-4,-217,35.97,575,553,0.00,32.00
4353363390,188,692,16136,-292,-15,-233,35.97,621,415,0.00,32.06
4353988453,176,604,16224,-303,-22,-218,35.97,435,93,0.78,32.06
4354021737,172,612,15944,-310,-42,-234,35.97,349,89,0.00,32.00
4354646850,180,612,16036,-309,-38,-235,35.92,92,1570,0.00,32.00
4354681328,228,648,16144,-302,-29,-220,36.01,75,1547,0.00,32.00
4355306416,264,724,15956,-312,-21,-224,35.92,1581,670,0.00,32.00
4355339686,196,680,16220,-314,1,-223,36.01,1615,643,0.00,32.06
4355964756,172,700,16224,-320,-40,-239,36.01,559,577,0.51,32.06
4355998041,200,648,16096,-297,-32,-243,36.06,609,560,0.00,32.06
4356623114,288,628,15936,-295,-14,-220,35.97,573,173,1.52,32.06
4356657607,120,600,15952,-319,-31,-234,36.01,556,172,0.00,32.00
4357282673,256,768,16096,-328,-47,-224,35.97,174,795,0.00,32.00
4357315946,208,684,16068,-311,-32,-207,36.06,193,1071,0.00,32.00
4357941011,144,632,16072,-310,-18,-224,35.97,497,1838,0.00,32.00
4357974283,260,640,16092,-303,-16,-209,35.92,867,1731,0.00,32.00
4358599365,176,628,16000,-330,-58,-196,36.06,1875,564,0.00,32.00
4358633852,204,672,16020,-293,-7,-217,36.01,1794,571,0.50,32.06
4359258946,196,592,16176,-307,-27,-240,36.01,578,603,0.00,32.06
4359292209,180,656,16060,-305,-2,-218,36.01,617,582,0.00,32.00
4359917283,204,676,16044,-300,-38,-237,36.06,515,121,0.78,32.00
4359950540,220,688,16116,-294,-11,-217,36.06,575,103,0.00,32.00
4360575607,228,644,16008,-306,-26,-226,36.01,146,1616,1.52,32.00
4360610084,320,612,15944,-312,-36,-213,35.97,106,1674,0.00,32.00
4361235165,268,580,16096,-297,-15,-210,36.01,1518,944,0.00,32.00
4361268426,272,684,16132,-328,-20,-230,35.92,1644,810,0.00,32.06
4361893481,216,540,16116,-296,-8,-242,35.97,1124,576,0.76,32.06
4361926781,128,640,16140,-295,-1,-231,35.97,960,556,0.00,32.06
4362551844,272,680,15916,-299,-40,-230,35.92,593,294,0.00,32.06
4362586325,168,556,16072,-308,3,-216,36.01,591,257,0.00,32.00
4363211392,260,644,16156,-283,-10,-238,35.92,467,102,0.00,32.00
4363244665,148,600,15992,-307,-10,-231,35.92,391,101,0.00,32.00
4363869723,236,632,16180,-299,-20,-235,36.01,59,1592,0.00,32.00
4363904210,212,724,15996,-316,-34,-225,35.97,81,1584,0.00,32.00
4364529310,228,624,16228,-295,-42,-228,36.01,1658,743,0.00,32.00
4364562568,240,660,16040,-298,-27,-242,35.92,1668,636,0.00,32.00
4365187647,244,684,16012,-311,-29,-231,36.01,1664,595,0.30,32.00
4365220935,312,672,16144,-319,-36,-233,36.06,682,593,0.00,32.00
4365846001,292,620,16180,-296,-8,-229,36.01,547,213,0.00,32.00
4365880486,228,636,16072,-322,-11,-222,35.97,566,216,0.00,32.00
4366505552,368,684,16312,-310,-34,-212,35.97,243,128,0.76,32.00
4366538850,260,700,16176,-305,-11,-231,36.06,225,120,0.00,32.00
4367163909,232,760,16084,-304,-36,-232,35.97,95,1558,0.00,32.00
4367197173,232,632,16128,-298,-33,-216,35.97,111,1566,0.00,32.00
4367822228,180,624,16128,-316,-31,-229,36.01,1557,580,0.00,32.00
4367856712,240,580,16152,-318,-23,-227,36.01,1553,574,0.74,32.06
4368481777,240,676,16044,-299,-37,-219,35.97,615,655,0.00,32.06
4368515084,212,656,16056,-303,-26,-215,35.97,620,599,0.00,32.06
4369140151,260,668,16128,-323,-29,-222,35.92,548,212,0.78,32.06
4369173436,264,636,16100,-304,-35,-227,35.97,588,201,0.00,32.00
4369798502,180,656,16152,-300,-30,-231,36.06,179,141,1.52,32.00
4369832982,248,680,16048,-311,0,-223,35.87,202,399,0.00,32.00
4370458040,240,668,16208,-347,-36,-226,35.87,129,1726,1.52,32.00
4370491304,256,728,16108,-294,-34,-247,35.97,131,1742,0.00,32.00
4371116375,244,664,16088,-315,-30,-248,35.97,1502,584,0.00,32.00
4371149652,248,700,16380,-326,-1,-222,35.87,1591,604,0.00,32.00
4371774712,260,596,16152,-307,-30,-225,35.97,590,543,0.76,32.00
4371809223,236,668,16048,-290,-49,-234,35.97,587,548,0.00,32.00
4372434286,156,720,16020,-313,-41,-218,35.97,578,229,0.00,32.00
4372467569,180,604,16088,-293,-33,-223,35.97,605,209,0.00,32.00
4373092642,204,644,16068,-305,-30,-212,35.97,216,128,0.76,32.00
4373125926,256,648,16052,-312,-14,-213,35.92,212,311,0.00,32.00
4373750999,152,648,15904,-309,-40,-223,35.97,117,1538,0.00,32.00
4373785474,228,576,16020,-288,-40,-225,35.92,108,1606,0.00,32.00
4374410531,248,652,16260,-289,-32,-223,35.97,1539,641,0.00,32.00
4374443813,112,648,16088,-289,-23,-217,35.97,1577,639,0.00,32.00
4375068879,312,616,16248,-275,-19,-231,35.92,555,571,0.51,32.00
4375102154,128,624,16040,-287,-19,-222,36.01,609,564,0.00,32.00
4375727224,212,616,16084,-290,3,-222,35.97,591,194,1.52,32.00
4375761722,228,648,16036,-333,-39,-233,35.87,559,187,0.00,32.00
4376386803,292,636,16044,-326,-20,-217,35.97,198,165,0.00,32.00
4376420081,196,600,16024,-328,-18,-234,35.92,229,382,0.00,32.00
4377045150,152,716,16168,-300,-15,-195,35.87,60,1607,0.76,32.00
4377078440,260,716,16084,-319,-4,-239,35.87,116,1691,0.00,32.00
4377703515,308,640,16136,-306,-39,-223,35.92,1558,561,0.00,32.00
4377737996,180,696,16004,-314,-12,-207,35.87,1530,586,1.43,32.00
4378363076,160,616,16040,-287,-25,-207,35.92,598,627,0.00,32.00
4378396355,132,636,16184,-308,-39,-225,35.92,634,607,0.00,32.00
4379021430,236,724,16212,-293,3,-209,35.82,522,190,0.78,32.00
4379054709,292,656,16136,-310,-28,-209,35.92,578,187,0.00,32.00
4379679785,220,648,16120,-314,-35,-220,35.87,213,514,1.52,32.00
4379714277,260,748,16088,-328,-21,-238,35.87,184,759,0.00,32.00
4380339340,164,800,16084,-305,-43,-234,35.92,132,1841,0.00,32.00
4380372601,184,740,16160,-296,-35,-226,35.97,384,1869,0.00,32.06
4380997660,224,628,16028,-314,-36,-239,36.01,1547,583,0.00,32.06
4381030927,268,628,16072,-295,-3,-249,35.92,1698,584,0.00,32.00
4381656004,64,536,15856,-301,6,-245,35.92,592,528,0.51,32.00
4381690496,240,648,16336,-305,7,-226,35.92,574,545,0.00,32.00
4382315562,264,692,16060,-319,-5,-218,35.97,580,233,0.00,32.00
4382348839,208,644,16140,-321,-45,-224,35.92,603,163,0.00,32.00
4382973892,192,636,16208,-285,-4,-226,35.97,114,1322,0.76,32.00
4383007196,204,724,16080,-302,-2,-239,35.87,169,1463,0.00,32.00
4383632255,252,644,16084,-310,-21,-219,35.92,1158,1430,0.00,32.00
4383666736,236,632,16048,-329,-36,-234,35.82,1325,1170,0.00,32.00
4384291804,140,656,16112,-285,-50,-230,35.78,1654,669,0.00,32.00
4384325083,284,716,15944,-304,-21,-238,35.97,1474,612,0.74,32.06
4384950153,480,584,15060,-243,61,-260,35.87,551,496,0.00,32.06
4384983432,244,692,15924,-261,-34,-227,35.87,589,394,0.00,32.00
4385608512,284,700,16028,-320,-8,-237,35.97,534,73,0.78,32.00
4385643020,288,672,16040,-298,-12,-265,35.82,466,69,0.00,32.00
4386268089,132,640,15956,-285,-19,-217,35.92,107,1735,0.00,32.00
4386301353,164,600,15868,-288,-14,-242,35.92,93,1632,0.00,32.00
4386926427,244,584,16160,-303,-27,-217,35.97,1589,620,0.00,32.00
4386959707,228,732,16064,-311,-4,-259,35.92,1619,618,0.00,32.00
4387584786,156,616,16152,-299,-46,-224,35.82,592,543,0.51,32.00
4387619297,152,596,15976,-318,-13,-239,35.97,597,555,0.00,32.00
4388244371,164,520,16016,-308,-35,-205,35.97,582,266,1.52,32.00
4388277656,156,680,16208,-296,-33,-250,35.92,581,202,0.00,32.00
4388902740,220,680,16148,-332,-7,-234,35.82,162,627,0.00,32.00
4388935998,224,700,16196,-292,-16,-226,35.92,195,937,0.00,32.00
4389561093,332,640,16180,-301,-7,-226,35.92,550,1822,0.00,32.00
4389594361,148,652,16176,-293,-44,-206,35.92,861,1690,0.00,32.00
4390219535,280,784,16028,-302,-26,-229,36.01,1836,579,0.00,32.00
4390254002,216,608,16356,-310,-14,-224,35.82,1686,576,0.50,32.00
4390879069,320,652,16052,-308,-17,-226,35.92,578,522,0.00,32.00
4390912373,176,700,16144,-276,-44,-216,35.92,619,415,0.00,32.00
4391537452,244,660,15916,-299,-19,-226,35.92,395,94,0.78,32.00
4391570728,184,640,16000,-297,-21,-209,35.87,277,93,0.00,32.00
4392195801,168,612,16232,-296,-28,-221,35.92,81,1558,0.00,32.00
4392230289,172,708,16104,-301,-24,-221,35.97,80,1536,0.00,32.00
4392855368,180,720,16024,-311,-34,-227,35.92,1552,643,0.00,32.00
4392888643,196,668,16120,-306,-20,-222,35.82,1570,631,0.00,32.00
4393513705,312,716,16056,-299,-36,-203,35.97,540,578,0.51,32.00
4393546990,244,716,16064,-306,-25,-206,35.92,604,569,0.00,32.06
4394172056,320,736,16016,-309,-4,-216,35.87,585,162,1.52,32.06
4394206542,156,644,16168,-295,-27,-223,35.97,558,147,0.00,32.00
4394831606,172,704,16120,-294,-18,-236,35.97,143,1465,0.00,32.00
4394864887,232,688,16080,-293,-1,-228,35.87,168,1621,0.00,32.00
4395489954,216,736,16156,-287,-20,-207,35.82,1473,894,0.00,32.00
4395523212,160,628,16200,-294,-36,-203,35.92,1645,737,0.00,32.00
4396148276,284,752,16124,-300,-30,-234,35.97,771,556,0.51,32.00
4396182742,172,708,16064,-320,-22,-212,35.87,654,562,0.00,32.00
4396807859,272,648,15960,-301,-22,-208,35.92,566,223,0.00,32.00
4396841127,184,628,16104,-299,-37,-221,35.92,614,215,0.00,32.00
4397466215,280,680,16096,-298,-27,-237,35.92,199,602,0.76,32.00
4397499486,244,636,16188,-292,-10,-203,35.92,193,912,0.00,32.00
4398124567,272,628,15980,-305,-47,-239,35.92,832,1721,0.00,32.00
4398159042,192,564,16216,-326,-21,-197,35.82,1076,1540,0.00,32.00
4398784114,320,704,16120,-326,-31,-238,35.87,1677,624,0.00,32.00
4398817397,196,740,16116,-302,-18,-219,35.87,1496,621,0.74,32.00
4399442482,180,620,16104,-313,-19,-231,35.82,526,355,0.00,32.00
4399475767,236,644,15884,-328,-17,-214,35.92,589,241,0.00,32.00
4400100829,212,684,16088,-292,-7,-201,35.87,248,87,0.78,32.00
4400135310,252,684,16212,-316,-23,-210,35.92,230,112,0.00,32.00
4400760368,256,740,16040,-296,-22,-234,35.82,110,1612,0.00,32.00
4400793642,148,704,16072,-286,-46,-221,35.87,144,1730,0.00,32.00
4401418717,248,716,16152,-298,1,-222,35.87,1558,595,0.00,32.00
4401451992,252,692,16072,-274,-6,-218,35.78,1736,573,0.00,32.00
4402077106,196,560,16060,-295,-54,-220,35.82,596,553,0.51,32.00
4402111586,244,712,16080,-297,5,-250,35.82,564,553,0.00,32.00
4402736646,156,676,16104,-304,-39,-232,35.92,550,112,0.00,32.00
4402769910,184,576,16160,-295,-24,-231,35.87,579,106,0.00,32.00
4403394980,208,636,16304,-304,-24,-252,35.82,99,1610,0.76,32.00
4403428248,164,736,16160,-304,-10,-243,35.92,88,1565,0.00,32.00
4404053316,260,584,16208,-315,-41,-221,35.92,77,600,0.00,32.00
4404087812,248,616,15980,-317,-35,-218,35.87,1546,598,0.00,32.00
4404712889,248,660,16124,-300,-41,-233,35.78,581,581,0.76,32.00
4404746163,180,568,16136,-302,-43,-248,35.92,618,608,0.00,32.00
4405371257,204,672,16076,-311,-22,-233,35.92,527,144,1.52,32.00
4405404534,148,724,16080,-302,-38,-248,35.82,571,128,0.00,32.00
4406029589,172,600,16088,-283,-39,-224,35.82,146,1694,1.52,32.00
4406064067,208,712,16084,-298,-35,-221,35.92,130,1674,0.00,32.00
4406689142,308,708,16144,-334,-2,-207,35.82,1654,650,0.00,32.00
4406722426,164,660,16028,-299,-18,-236,35.92,1653,643,1.43,32.00
4407347511,184,700,16092,-324,-10,-211,35.97,569,575,0.00,32.00
4407380786,220,644,16088,-311,-10,-227,35.87,610,552,0.00,31.94
4408005868,204,640,16032,-306,-29,-204,35.92,582,174,0.78,31.94
4408040351,180,740,16016,-305,-14,-225,35.82,569,158,0.00,32.00
4408665411,292,564,16040,-289,-32,-233,35.78,159,1454,0.00,32.00
4408698689,172,652,16160,-289,-34,-223,35.87,170,1593,0.00,32.00
4409323772,276,588,16068,-300,-16,-207,35.87,1528,852,0.00,32.00
4409357050,164,644,16024,-296,-20,-212,35.97,1640,700,0.00,32.00
4409982120,244,628,16200,-289,-42,-230,35.82,756,581,0.51,32.00
4410016622,308,652,16060,-314,4,-230,35.82,674,589,0.00,32.00
4410641690,196,756,16024,-300,-37,-209,35.82,560,216,0.00,32.00
4410674950,224,692,16108,-298,-23,-224,35.87,590,197,0.00,32.00
4411300006,248,704,16136,-303,-21,-215,35.92,157,768,0.76,32.00
4411334501,240,636,16112,-299,-16,-211,35.87,167,1058,0.00,32.00
4411959551,256,640,16052,-314,-15,-219,35.78,1124,1578,0.00,32.00
4411992822,160,700,16060,-285,9,-222,35.92,1339,1251,0.00,32.00
4412617882,176,648,16168,-285,-30,-226,35.82,1092,574,0.76,32.00
4412651167,216,708,16184,-280,2,-231,35.87,902,593,0.00,32.00
4413276233,124,620,16288,-298,-22,-219,35.87,560,207,0.00,32.00
4413310721,160,584,16056,-278,-30,-226,35.92,562,195,0.00,31.94
4413935785,248,708,16152,-322,-8,-221,35.87,209,584,0.76,31.94
4413969063,228,568,16132,-303,-31,-232,35.87,204,793,0.00,32.00
4414594147,240,540,16132,-316,-17,-219,35.87,189,1697,0.00,32.00
4414627432,200,596,16180,-307,-16,-213,35.87,1192,1431,0.00,32.00
4415252492,296,600,16032,-295,3,-237,35.73,1304,564,0.00,32.00
4415286959,208,624,16088,-306,-18,-200,35.87,1062,544,0.74,32.00
4415912029,236,684,16180,-311,-26,-225,35.87,579,299,0.00,32.00
4415945294,40,680,16180,-313,-24,-212,35.87,587,244,0.00,32.00
4416570372,324,728,16128,-317,-26,-240,35.82,185,178,0.78,32.00
4416603637,228,724,16136,-317,-37,-244,35.82,203,520,0.00,32.00
4417228726,224,592,16064,-301,-32,-219,35.82,509,1824,0.00,32.00
4417261977,284,688,16104,-296,-3,-229,35.87,821,1696,0.00,32.00
4417887142,236,596,15916,-306,-6,-209,35.82,1727,567,0.00,32.00
4417921615,244,684,16168,-296,9,-227,35.82,1478,580,0.74,32.00
4418546693,300,728,16152,-316,-22,-232,35.87,573,281,0.00,32.00
4418579965,276,592,16240,-291,-23,-215,35.82,621,261,0.00,32.00
4419205023,256,652,16224,-325,-9,-214,35.82,238,127,0.78,32.00
4419238287,260,536,16160,-295,19,-222,35.92,234,129,0.00,32.00
4419863350,284,688,16064,-324,-43,-221,35.92,115,1678,0.00,32.00
4419897846,240,776,16124,-333,-28,-227,35.82,208,1798,0.00,32.00
4420522905,292,660,16116,-290,-18,-226,35.92,1824,675,0.00,32.00
4420556184,300,540,16200,-305,-26,-218,35.87,1866,623,0.00,32.00
4421181241,156,636,16080,-322,-18,-233,35.82,548,541,0.51,32.00
4421214509,280,572,16264,-293,-15,-230,35.82,590,473,0.00,32.00
4421839598,240,712,16088,-302,-30,-235,35.82,437,63,1.52,32.00
4421874076,256,692,16116,-314,-34,-236,35.78,274,80,0.00,32.00
4422499138,300,676,16184,-283,-21,-196,35.87,98,1645,0.00,32.00
4422532407,200,712,16064,-305,-42,-203,35.87,126,1564,0.00,32.00
4423157478,212,636,16468,-301,-36,-238,35.78,1515,598,0.00,32.00
4423190741,176,624,16180,-328,-21,-194,35.87,1621,614,0.00,32.00
4423815808,292,612,16040,-275,-25,-214,35.92,564,543,0.51,32.00
4423850291,252,676,16044,-307,-3,-228,35.82,585,539,0.00,32.00
4424475370,208,692,16008,-284,-28,-234,35.87,572,147,1.52,32.00
4424508655,132,584,16172,-297,-18,-256,35.82,573,108,0.00,32.00
4425133712,264,720,16064,-311,-28,-217,35.97,117,1663,1.52,32.00
4425166983,292,652,16164,-284,-12,-203,35.73,113,1636,0.00,32.00
4425792063,172,732,16168,-296,-39,-241,35.78,1600,603,0.00,32.00
4425825336,228,656,16156,-283,-35,-219,35.87,1588,572,1.43,32.00
4426450502,144,688,16120,-328,-10,-215,35.82,620,577,0.00,32.00
4426484981,216,560,16104,-314,-41,-201,35.82,595,577,0.00,32.00
4427110043,168,668,16152,-292,-16,-220,35.73,545,182,0.00,32.00
4427143321,208,724,16092,-295,-33,-216,35.92,591,168,0.00,32.00
4427768390,136,624,16068,-319,-1,-213,35.97,126,1311,0.52,32.00
4427802870,276,572,16108,-297,-17,-233,35.87,153,1498,0.00,32.00
4428427927,292,704,16144,-295,-20,-208,35.87,1531,1006,0.00,32.00
4428461210,184,620,16232,-297,-8,-219,35.78,1649,767,0.00,32.00
4429086287,108,632,16020,-309,-36,-223,35.87,707,568,0.76,32.00
4429119550,240,708,15984,-296,-32,-239,35.73,670,583,0.00,31.94
4429744625,228,704,16192,-316,-31,-231,35.82,559,186,0.00,31.94
4429779111,244,692,16080,-322,-54,-242,35.87,570,172,0.00,31.94
4430404173,132,588,16056,-308,-26,-197,35.82,185,1070,0.76,31.94
4430437440,128,644,15980,-297,-29,-226,35.92,184,1257,0.00,32.00
4431062508,184,700,16096,-315,-25,-229,35.82,1374,1053,0.00,32.00
4431095782,168,556,16096,-306,1,-212,35.82,1567,844,0.00,32.00
4431720839,172,564,16252,-289,-28,-235,35.82,695,549,0.76,32.00
4431755338,144,724,16228,-307,-26,-234,35.82,629,547,0.00,32.00
4432380414,140,596,16396,-277,-27,-213,35.78,576,265,0.00,32.00
4432413707,124,676,16268,-328,-1,-211,35.87,607,201,0.00,32.00
4433038762,216,636,16044,-302,-21,-216,35.68,113,1356,0.76,32.00
4433072040,292,668,16040,-294,-18,-225,35.68,150,1536,0.00,32.00
4433697111,340,696,16136,-302,-27,-219,35.82,1606,726,0.00,32.00
4433731611,148,604,16236,-307,-24,-227,35.82,1652,650,0.00,32.00
4434356673,248,628,16252,-303,-7,-235,35.78,620,621,0.76,32.00
4434389940,196,760,16160,-317,-11,-224,35.73,644,596,0.00,31.94
4435015020,96,676,16044,-283,-26,-231,35.68,520,173,1.52,31.94
4435048321,312,756,16216,-320,-17,-228,35.73,579,172,0.00,31.94
4435673400,300,700,16120,-294,-29,-208,35.78,152,1621,1.52,31.94
4435707892,292,644,16120,-314,-9,-215,35.82,120,1672,0.00,31.94
4436332968,324,628,16108,-302,-36,-218,35.73,1608,701,0.00,31.94
4436366233,252,564,16064,-297,-4,-254,35.73,1605,630,1.43,31.94
4436991302,240,672,16028,-304,-18,-214,35.73,553,573,0.00,31.94
4437024567,204,620,16136,-310,-27,-216,35.73,602,581,0.00,31.94
4437649642,176,588,16116,-312,-44,-219,35.78,547,102,0.78,31.94
4437684152,240,668,16212,-304,-11,-217,35.68,538,88,0.00,32.00
4438309227,288,716,16068,-289,-16,-209,35.82,86,1666,0.00,32.00
4438342516,160,716,16112,-330,-38,-233,35.68,112,1576,0.00,31.94
4438967576,72,636,16040,-280,-6,-235,35.68,1583,574,0.00,31.94
4439000841,248,684,15964,-303,-10,-207,35.78,1769,597,0.00,32.00
4439625900,248,632,16008,-286,-26,-222,35.82,569,492,0.51,32.00
4439660387,216,616,16080,-292,-27,-226,35.73,570,335,0.00,31.94
4440285458,192,584,16020,-286,-17,-226,35.73,238,140,1.52,31.94
4440318719,196,688,16036,-287,-19,-234,35.82,212,134,0.00,31.94
4440943800,168,608,16156,-281,-27,-218,35.78,839,1738,0.00,31.94
4440977088,284,660,16036,-275,-26,-221,35.78,1165,1492,0.00,31.94
4441602172,220,776,16136,-303,-12,-254,35.68,841,587,0.76,31.94
4441635447,260,676,16100,-291,-28,-231,35.78,734,557,0.00,31.94
4442260530,104,648,16164,-305,-19,-219,35.78,596,191,0.00,31.94
4442295009,236,652,16048,-282,-1,-219,35.73,555,174,0.00,31.94
4442920095,272,752,15956,-319,-24,-220,35.73,146,1602,0.00,31.94
4442953364,160,652,15992,-293,-22,-226,35.73,149,1706,0.00,31.94
4443578427,212,688,16084,-318,-31,-227,35.82,1553,614,0.00,31.94
4443611711,180,688,16088,-330,-20,-232,35.78,1594,598,0.00,31.94
4444236780,300,660,16160,-301,-9,-209,35.73,599,549,0.38,31.94
4444271266,116,596,16032,-309,-32,-225,35.73,576,547,0.00,32.00
4444896351,280,584,16048,-309,-28,-231,35.68,566,132,0.00,32.00
4444929615,232,624,16088,-314,-35,-258,35.78,591,124,0.00,31.94
4445554682,188,716,16124,-292,-51,-236,35.73,90,1572,0.76,31.94
4445587959,208,660,16176,-281,-12,-223,35.78,107,1513,0.00,31.94
4446213043,272,644,16096,-278,-32,-235,35.73,1761,576,0.00,31.94
4446247521,200,704,15992,-324,-33,-221,35.73,1833,571,0.00,31.94
4446872586,316,604,16104,-311,-39,-230,35.78,581,317,0.76,31.94
4446905881,136,636,16072,-294,-48,-219,35.78,608,259,0.00,31.94
4447530954,208,660,16012,-292,-11,-238,35.68,145,366,1.52,31.94
4447564225,268,680,16120,-317,-42,-209,35.82,201,780,0.00,31.94
4448189287,244,628,16092,-321,-25,-211,35.78,1406,998,0.00,31.94
4448223799,164,700,16120,-305,-14,-221,35.87,1545,786,0.00,31.94
4448848913,300,616,16104,-297,-28,-226,35.68,620,671,0.76,31.94
4448882184,288,588,16044,-294,-8,-217,35.73,642,606,0.00,31.94
4449507248,212,624,16184,-312,-30,-250,35.73,532,144,1.52,31.94
4449540518,168,632,16168,-288,-30,-216,35.78,577,144,0.00,31.94
4450165591,244,624,16056,-291,-5,-221,35.68,85,1572,1.52,31.94
4450200090,148,684,15940,-308,-37,-212,35.73,84,1526,0.00,32.00
4450825163,192,788,16144,-301,-19,-238,35.82,1697,668,0.00,32.00
4450858413,244,628,16168,-326,-27,-195,35.73,1848,605,0.00,31.94
4451483498,296,692,15972,-300,-30,-231,35.73,537,279,0.76,31.94
4451516795,244,632,16112,-320,-31,-209,35.82,584,236,0.00,31.94
4452141864,208,656,16068,-313,2,-231,35.78,184,499,1.52,31.94
4452176355,260,728,16152,-309,-53,-238,35.68,175,863,0.00,31.94
4452801432,116,680,16100,-300,-6,-220,35.78,1495,993,0.00,31.94
4452834702,160,664,16036,-302,-41,-231,35.73,1683,763,0.00,31.94
4453459777,244,740,16188,-298,-19,-215,35.73,570,564,0.76,31.94
4453493053,180,584,16148,-279,-35,-231,35.78,618,583,0.00,31.94
4454118168,208,636,16160,-316,-33,-213,35.68,554,119,1.52,31.94
4454152644,224,656,16100,-309,-32,-228,35.73,559,96,0.00,31.94
4454777702,196,672,16044,-320,-36,-218,35.82,98,1635,1.52,31.94
4454810972,284,708,16148,-278,-4,-222,35.78,108,1604,0.00,31.94
4455436050,132,584,15984,-320,-24,-244,35.78,1806,592,0.00,31.94
4455469334,232,704,16076,-303,-24,-233,35.78,1698,614,1.43,31.94
4456094424,284,592,16040,-303,-20,-224,35.78,536,227,0.00,31.94
4456127711,280,684,15988,-264,-9,-218,35.82,580,206,0.00,31.94
4456752765,180,780,16320,-265,-33,-211,35.87,190,1060,0.78,31.94
4456787244,248,632,16176,-317,-22,-206,35.82,168,1292,0.00,32.00
4457412321,172,588,16152,-302,-17,-218,35.73,1647,748,0.00,32.00
4457445584,288,608,15916,-306,-49,-236,35.73,1691,691,0.00,31.94
4458070665,140,612,16116,-302,-19,-233,35.73,559,576,0.76,31.94
4458103936,208,704,16132,-322,-25,-233,35.73,609,562,0.00,31.94
4458729025,260,676,16132,-280,-39,-238,35.82,586,136,1.52,31.94
4458763517,176,636,16128,-323,-26,-218,35.78,548,120,0.00,31.94
4459388592,228,508,16172,-319,-8,-218,35.73,114,1678,0.00,31.94
4459421864,64,648,16124,-290,-17,-228,35.73,118,1646,0.00,31.94
4460046924,224,644,16180,-305,-24,-201,35.78,1497,604,0.00,31.94
4460080215,260,600,16188,-309,-15,-221,35.78,1524,586,0.00,31.94
4460705307,224,508,15992,-305,-44,-187,35.82,591,543,0.51,31.94
4460739794,160,408,16032,-322,-29,-234,35.73,563,544,0.00,31.94
4461364873,236,696,16160,-316,-24,-223,35.78,541,160,0.00,31.94
4461398135,220,620,16216,-328,-10,-226,35.73,500,107,0.00,31.94
4462023216,124,648,15964,-316,-16,-225,35.78,44,1556,0.00,31.94
4462056487,184,716,16132,-299,-38,-221,35.73,117,1560,0.00,31.94
4462681584,160,736,16200,-296,-18,-228,35.78,1606,559,0.00,31.94
4462716056,156,640,16200,-311,-54,-215,35.78,1730,562,0.00,31.94
4463341119,212,732,16120,-319,-28,-222,35.82,585,621,0.38,31.94
4463374418,300,664,16076,-309,-23,-226,35.82,626,560,0.00,31.94
4463999502,260,620,16068,-302,-34,-231,35.82,423,82,1.52,31.94
4464032776,192,716,16128,-293,-24,-217,35.82,309,92,0.00,31.94
4464657841,284,672,15916,-319,-33,-202,35.78,97,1517,0.00,31.94
4464692323,256,608,16128,-309,-39,-218,35.82,103,1552,0.00,31.94
4465317396,204,788,16176,-309,-6,-227,35.73,1599,635,0.00,31.94
4465350688,264,696,15968,-298,-29,-210,35.78,1762,627,0.00,31.94
4465975761,248,708,16108,-307,2,-228,35.82,538,567,0.51,31.94
4466009060,256,644,16068,-313,-37,-214,35.73,600,550,0.00,31.94
4466634185,172,616,16012,-324,-30,-229,35.78,548,82,1.52,31.94
4466668664,296,644,16248,-328,-35,-209,35.78,454,82,0.00,31.94
4467293728,312,712,16048,-304,-27,-220,35.82,85,1641,0.00,31.94
4467327011,200,680,16136,-317,-31,-213,35.82,123,1595,0.00,31.94
4467952076,300,700,16116,-303,-18,-211,35.78,1495,584,0.00,31.94
4467985335,232,728,16332,-292,-42,-213,35.82,1659,605,0.00,31.94
4468610428,264,704,16140,-294,-49,-239,35.82,591,545,0.51,31.94
4468644919,232,668,16140,-317,-38,-214,35.82,566,537,0.00,31.94
4469269985,348,648,16108,-284,-22,-241,35.78,557,125,0.00,31.94
4469303247,236,684,16068,-334,-37,-238,35.82,571,115,0.00,31.94
4469928300,164,680,16040,-305,-8,-220,35.78,90,1621,0.76,31.94
4469961602,280,636,16096,-296,-35,-231,35.68,89,1582,0.00,31.94
4470586660,296,728,16008,-318,-26,-224,35.82,1590,585,0.00,31.94
4470621132,168,712,16244,-310,-33,-214,35.82,1535,575,1.43,31.94
4471246199,244,668,16136,-299,-31,-233,35.78,600,611,0.00,31.94
4471279478,372,564,16036,-283,-19,-239,35.87,628,608,0.00,31.94
4471904536,132,664,16144,-336,-24,-223,35.82,519,150,0.78,31.94
4471937819,208,644,16284,-299,-14,-223,35.82,582,141,0.00,31.94
4472562887,248,676,15984,-283,-47,-216,35.87,160,1600,1.52,31.94
4472597385,300,700,16060,-288,-39,-237,35.73,127,1642,0.00,31.94
4473222457,192,692,16112,-317,-5,-210,35.87,1668,806,0.00,31.94
4473255741,188,596,16240,-320,-18,-226,35.78,1721,699,0.00,31.94
4473880824,204,676,15992,-301,-1,-230,35.82,629,583,0.76,31.94
4473914098,196,712,16068,-320,-43,-216,35.82,650,575,0.00,31.94
4474539168,244,692,16204,-308,-18,-223,35.87,579,191,1.52,31.94
4474573666,220,624,16200,-307,-9,-206,35.82,559,184,0.00,31.94
4475198721,212,692,16152,-298,-20,-220,35.73,202,663,0.00,31.94
4475231986,216,712,16076,-290,-16,-225,35.78,210,921,0.00,32.00
4475857066,164,588,16092,-292,-28,-224,35.87,707,1794,0.00,32.00
4475890337,164,660,16092,-289,-22,-217,35.78,1011,1633,0.00,31.94
4476515397,180,656,15956,-317,-48,-213,35.78,1729,572,0.00,31.94
4476549895,192,636,16160,-303,-41,-221,35.73,1568,552,0.50,31.94
4477174967,244,620,16072,-308,-10,-235,35.82,591,585,0.00,31.94
4477208258,156,632,16016,-307,-40,-231,35.82,605,388,0.00,31.94
4477833318,324,648,16304,-302,-31,-214,35.78,496,94,0.78,31.94
4477866586,300,692,16088,-300,-7,-222,35.78,455,88,0.00,31.94
4478491665,144,656,16092,-315,-58,-235,35.82,86,1603,0.00,31.94
4478526156,168,660,16092,-281,-33,-223,35.78,89,1564,0.00,31.94
4479151235,244,644,16152,-291,-4,-222,35.78,1661,726,0.00,31.94
4479184504,180,660,15936,-304,-28,-222,35.73,1665,644,0.00,31.94
4479809574,260,596,16028,-292,-56,-241,35.87,1689,591,0.00,31.94
4479842872,236,728,16156,-309,-15,-232,35.82,659,579,0.50,31.94
4480467950,204,672,15944,-307,-36,-237,35.78,556,219,0.00,31.94
4480502425,224,748,16028,-316,-37,-225,35.73,572,202,0.00,31.94
4481127518,140,616,16040,-275,-8,-233,35.78,233,142,0.78,31.94
4481160803,264,696,16020,-319,-25,-239,35.82,216,124,0.00,31.94
4481785898,220,644,16076,-288,-25,-234,35.87,97,1561,0.00,31.94
4481819164,252,736,15952,-318,-34,-218,35.78,128,1595,0.00,31.94
4482444243,256,556,16180,-310,-3,-238,35.73,1558,576,0.00,31.94
4482477536,168,672,16108,-306,-35,-218,35.73,1554,573,0.74,31.94
4483102692,216,652,16164,-330,-35,-236,35.78,639,552,0.00,31.94
4483137174,192,672,15992,-301,-15,-218,35.78,590,564,0.00,31.94
4483762243,172,656,16036,-310,-32,-228,35.78,560,239,0.00,31.94
4483795514,140,684,15980,-303,-19,-235,35.78,606,224,0.00,31.94
4484420599,168,652,16088,-300,-39,-234,35.78,191,100,0.52,31.94
4484453872,236,708,16080,-298,-23,-230,35.78,222,110,0.00,31.94
4485078953,196,624,16036,-281,-36,-218,35.78,89,1561,1.52,31.94
4485113441,352,652,16040,-308,-6,-218,35.68,89,1547,0.00,31.94
4485738501,100,688,16100,-298,-17,-209,35.73,1625,651,0.00,31.94
4485771771,188,736,16036,-304,-43,-220,35.82,1645,637,0.00,31.94
4486396830,140,628,16028,-306,-9,-212,35.68,703,584,0.76,31.94
4486430112,220,680,16060,-317,-29,-236,35.87,692,559,0.00,31.94
4487055173,256,644,16020,-293,-36,-210,35.73,598,238,0.00,31.94
4487089658,204,700,16148,-284,-34,-223,35.73,566,241,0.00,31.94
4487714735,268,652,16064,-279,-34,-222,35.78,540,95,0.00,31.94
4487748016,200,648,16088,-297,-31,-220,35.73,539,100,0.00,31.94
4488373088,180,672,15956,-287,-28,-220,35.78,147,1667,0.00,31.94
4488406366,156,560,16080,-291,-58,-225,35.73,137,1682,0.00,31.94
4489031436,272,620,16192,-292,-15,-222,35.82,1208,1392,0.00,31.94
4489065940,208,660,16052,-297,-29,-212,35.78,1318,1182,0.00,31.94
4489691025,192,604,15968,-284,-25,-234,35.78,1849,629,0.00,31.94
4489724305,164,644,16104,-297,-23,-236,35.73,1827,625,0.30,31.94
4490349377,180,636,16156,-320,-6,-228,35.68,535,568,0.00,31.94
4490382640,252,720,16100,-296,-26,-217,35.87,599,559,0.00,31.94
4491007717,204,688,16032,-317,-41,-226,35.78,573,158,0.78,31.94
4491042219,332,676,16284,-308,-48,-233,35.68,546,164,0.00,31.94
4491667282,216,688,16000,-291,0,-228,35.87,189,664,0.00,31.94
4491700545,224,660,16208,-307,-50,-236,35.87,214,884,0.00,31.94
4492325614,284,728,16112,-310,-15,-238,35.73,78,1625,0.76,31.94
4492358911,188,664,16016,-302,-20,-208,35.78,119,1745,0.00,31.94
4492984010,212,584,16040,-298,-20,-234,35.82,1525,572,0.00,31.94
4493018490,68,552,16028,-322,-44,-212,35.73,1531,568,0.00,31.94
4493643565,236,512,16088,-285,-19,-214,35.78,624,670,0.76,31.94
4493676849,192,732,15980,-307,-20,-250,35.82,617,579,0.00,31.94
4494301915,216,636,16084,-284,-51,-225,35.64,552,215,0.00,31.94
4494335201,216,576,16252,-306,-7,-214,35.78,593,234,0.00,31.94
4494960272,284,640,15852,-306,-32,-227,35.73,246,91,0.76,31.94
4494993554,312,588,16096,-310,-16,-230,35.73,237,99,0.00,31.94
4495618715,224,612,16044,-303,-35,-211,35.73,103,1599,0.00,31.94
4495653190,184,592,16164,-291,-35,-219,35.78,71,1601,0.00,31.94
4496278259,172,624,16068,-305,-9,-210,35.73,1632,713,0.00,31.94
4496311522,164,668,16096,-324,-18,-248,35.73,1701,682,0.00,31.94
4496936583,176,668,16220,-284,-43,-237,35.78,1136,562,0.51,31.94
4496969858,192,696,16192,-273,-67,-224,35.78,1010,549,0.00,31.94
4497594918,260,652,16036,-306,-13,-224,35.73,606,545,0.00,31.94
4497629418,224,680,16092,-296,-26,-219,35.73,576,489,0.00,31.94
4498254520,216,692,16160,-315,-30,-224,35.78,550,155,0.00,31.94
4498287787,148,684,16048,-282,-26,-229,35.73,582,140,0.00,31.94
4498912878,224,620,16228,-316,-11,-228,35.73,112,1346,0.51,31.94
4498946168,308,644,16124,-291,-20,-220,35.78,159,1482,0.00,31.94
4499571244,252,600,16076,-295,-25,-225,35.82,812,1752,0.00,31.94
4499605736,148,744,16024,-293,-22,-219,35.64,1020,1606,0.00,31.94
4500230821,260,592,15992,-273,-65,-185,35.68,1757,600,0.00,31.94
4500264110,220,716,16140,-307,-23,-208,35.78,1879,626,0.00,31.94
4500889198,260,760,16072,-286,-23,-234,35.64,550,567,0.51,31.94
4500922482,228,668,15988,-294,-28,-251,35.78,600,556,0.00,31.94
4501547547,324,668,16144,-294,-41,-217,35.78,584,170,1.52,31.94
4501582021,208,704,16136,-297,-26,-221,35.87,552,165,0.00,31.94
4502207092,216,676,16128,-288,-32,-226,35.82,208,478,0.00,31.94
4502240386,232,572,16152,-301,-24,-216,35.78,209,711,0.00,31.94
4502865488,116,632,16128,-321,-2,-251,35.68,119,1639,0.76,31.94
4502898763,208,648,16048,-314,-25,-226,35.68,127,1719,0.00,31.94
4503523836,160,564,16076,-306,-4,-235,35.73,1570,566,0.00,31.94
4503558317,120,760,16084,-312,-16,-232,35.78,1517,580,1.43,31.94
4504183397,176,600,16088,-281,-41,-215,35.68,607,635,0.00,31.94
4504216669,300,588,16096,-298,-35,-208,35.68,640,608,0.00,31.94
4504841734,284,704,16056,-322,-19,-221,35.68,529,208,0.78,31.94
4504874998,232,644,16204,-296,-22,-213,35.78,582,197,0.00,31.94
4505500071,224,604,16044,-292,-27,-218,35.64,255,113,1.52,31.94
4505534588,80,768,16120,-298,-11,-231,35.73,209,122,0.00,31.94
4506159656,100,652,16232,-274,-33,-215,35.78,85,1648,0.00,31.94
4506192929,312,656,16136,-318,-29,-213,35.73,114,1597,0.00,31.94
4506818007,164,720,16220,-293,-25,-232,35.73,1604,620,0.00,31.94
4506851293,228,616,16104,-290,-27,-234,35.73,1614,602,0.00,31.88
4507476366,192,700,15932,-286,-31,-237,35.68,787,550,0.51,31.88
4507510852,160,624,16024,-281,-23,-217,35.78,684,562,0.00,31.94
4508135910,160,636,15968,-312,-43,-217,35.82,580,312,0.00,31.94
4508169176,180,624,16196,-303,-36,-224,35.73,626,261,0.00,31.94
4508794252,224,544,16096,-312,-11,-205,35.73,496,110,0.76,31.94
4508827523,316,568,16116,-312,-19,-222,35.68,524,89,0.00,31.94
4509452593,164,676,16144,-293,-23,-221,35.68,148,1637,1.52,31.94
4509487081,212,644,16080,-322,-19,-217,35.73,124,1661,0.00,31.88
4510112172,200,632,16116,-291,-24,-245,35.78,1264,1357,0.00,31.88
4510145442,196,600,16072,-324,-12,-238,35.73,1428,1133,0.00,31.88
4510770519,236,692,16224,-305,-29,-226,35.73,1761,593,0.00,31.88
4510803778,252,576,16228,-298,-24,-224,35.73,1708,569,0.74,31.88
4511428898,192,652,16092,-309,-24,-225,35.68,591,545,0.00,31.88
4511463378,264,676,16108,-315,-15,-219,35.73,571,547,0.00,31.88
4512088445,140,560,15912,-281,17,-219,35.73,564,183,0.00,31.88
4512121726,268,732,16068,-300,-25,-234,35.78,608,177,0.00,31.94
4512746794,208,524,16060,-319,-49,-212,35.73,116,1225,0.52,31.94
4512780086,148,608,16044,-288,-36,-222,35.78,176,1367,0.00,31.94
4513405167,248,576,16148,-315,-48,-217,35.73,1146,1489,0.00,31.94
4513439657,152,692,16064,-284,-2,-250,35.68,1269,1229,0.00,31.88
4514064711,208,684,16252,-289,-46,-243,35.82,1416,619,0.00,31.88
4514098014,228,752,16012,-293,-16,-217,35.73,1198,610,0.74,31.94
4514723079,200,580,15992,-303,-20,-205,35.68,525,254,0.00,31.94
4514756358,260,644,16008,-294,-8,-219,35.68,587,221,0.00,31.88
4515381420,216,700,16060,-306,-25,-246,35.87,220,133,0.78,31.88
4515415914,184,552,16200,-317,-6,-228,35.73,195,434,0.00,31.94
4516040987,180,672,16152,-297,-20,-227,35.82,944,1688,0.00,31.94
4516074256,264,680,16076,-315,-24,-207,35.73,1241,1404,0.00,31.94
4516699314,208,672,16108,-332,-23,-220,35.73,783,582,0.76,31.94
4516732590,268,648,16152,-316,-20,-217,35.59,701,558,0.00,31.88
4517357654,164,576,15976,-312,-2,-230,35.73,595,184,0.00,31.88
4517392150,212,644,16100,-299,-4,-219,35.78,565,176,0.00,31.94
4518017217,212,640,16196,-293,-31,-235,35.78,103,1679,0.00,31.94
4518050497,252,756,16196,-288,-23,-217,35.78,106,1646,0.00,31.88
4518675580,120,724,16036,-302,-23,-238,35.68,1605,596,0.00,31.88
4518708855,256,564,15944,-303,-18,-232,35.64,1819,582,0.00,31.88
4519333931,160,680,16108,-326,-38,-215,35.68,593,236,0.38,31.88
4519368413,224,664,16068,-303,-29,-237,35.68,564,210,0.00,31.94
4519993472,132,716,16044,-306,-9,-227,35.73,169,1512,0.00,31.94
4520026743,232,616,16140,-318,-31,-218,35.73,163,1665,0.00,31.88
4520651798,236,696,16148,-291,-15,-233,35.73,1496,608,0.00,31.88
4520685065,204,644,16032,-272,-28,-195,35.59,1607,582,0.00,31.88
4521310135,268,696,16048,-312,-24,-222,35.73,579,237,0.51,31.88
4521344630,376,760,15992,-315,-10,-232,35.68,553,213,0.00,31.94
4521969704,168,688,16180,-290,-2,-230,35.73,142,1662,0.00,31.94
4522002959,208,624,16048,-301,-28,-223,35.73,152,1673,0.00,31.88
4522628043,188,688,16064,-300,-17,-205,35.64,1605,590,0.00,31.88
4522661326,160,592,15992,-282,-3,-249,35.73,1822,585,0.00,31.88
4523286392,236,752,15996,-336,-34,-221,35.73,592,191,0.51,31.88
4523320873,188,732,15948,-285,-41,-212,35.73,548,176,0.00,31.94
4523945950,256,588,15980,-293,2,-225,35.78,94,1685,0.00,31.94
4523979210,204,732,16072,-314,-36,-214,35.73,105,1588,0.00,31.88
4524604269,264,708,16116,-288,-37,-230,35.73,1148,579,0.00,31.88
4524637546,228,668,16052,-315,-11,-236,35.73,858,584,0.74,31.88
4525262617,248,656,16156,-325,-20,-209,35.64,564,115,0.00,31.88
4525297102,236,684,15988,-294,-22,-238,35.78,546,106,0.00,31.94
4525922178,292,604,16104,-306,-18,-210,35.68,802,1811,0.00,31.94
4525955441,324,604,16120,-308,-35,-208,35.78,1207,1376,0.00,31.88
4526580500,232,664,16104,-306,-27,-230,35.82,560,578,0.52,31.88
4526613764,176,608,16140,-313,-23,-221,35.64,603,574,0.00,31.94
4527238825,284,644,16088,-301,-21,-223,35.73,222,104,1.52,31.94
4527273307,256,632,16104,-285,-44,-237,35.73,201,513,0.00,31.88
4527898369,188,640,16112,-306,-32,-233,35.64,1610,711,0.00,31.88
4527931635,144,652,16056,-287,-14,-218,35.64,1610,626,0.00,31.88
4528556707,152,680,16060,-301,-44,-207,35.68,536,244,0.00,31.88
4528589975,216,692,16048,-305,-45,-229,35.73,585,228,0.00,31.88
4529215058,144,724,16076,-300,-19,-257,35.68,108,1633,0.51,31.88
4529249550,208,712,16144,-310,-45,-214,35.68,91,1617,0.00,31.88
4529874607,148,664,16212,-287,2,-219,35.78,1781,675,0.00,31.88
4529907886,200,692,16072,-298,-11,-223,35.73,1458,602,1.43,31.88
4530532962,292,644,16132,-304,-28,-211,35.78,536,150,0.00,31.88
4530566245,280,632,16016,-285,5,-220,35.68,588,152,0.00,31.94
4531191309,288,808,16056,-323,-36,-229,35.68,270,1831,0.78,31.94
4531224575,204,596,16020,-304,-31,-233,35.68,796,1710,0.00,31.88
4531849734,168,576,16272,-309,-22,-223,35.59,613,557,1.52,31.88
4531884230,248,624,16076,-303,-36,-234,35.68,574,553,0.00,31.88
4532509294,180,676,15980,-298,-25,-240,35.73,214,158,0.00,31.88
4532542556,196,676,16240,-321,-3,-231,35.64,211,548,0.00,31.94
4533167619,228,584,16104,-323,-17,-220,35.73,1548,619,0.00,31.94
4533200893,248,668,15916,-276,-24,-227,35.73,1555,599,0.00,31.88
4533825976,224,660,16104,-298,-52,-228,35.68,574,223,0.51,31.88
4533860471,192,672,16180,-302,-35,-231,35.68,569,205,0.00,31.88
4534485574,272,632,16036,-275,-41,-208,35.64,126,1746,0.00,31.88
4534518863,180,608,16020,-294,-13,-223,35.73,98,1643,0.00,31.88
4535143944,140,660,15984,-321,-15,-202,35.73,1491,591,0.00,31.88
4535177229,248,640,16096,-290,-32,-234,35.64,1122,603,0.74,31.88
4535802309,264,728,16128,-307,-33,-234,35.73,531,122,0.00,31.88
4535835573,284,672,16072,-284,-17,-237,35.73,569,91,0.00,31.94
4536460652,184,664,16156,-318,-9,-210,35.73,979,1549,0.00,31.94
4536495148,228,664,16184,-313,5,-242,35.78,1292,1102,0.00,31.88
4537120219,240,644,16068,-283,-38,-211,35.73,598,644,0.52,31.88
4537153490,208,652,16228,-285,-44,-214,35.73,623,596,0.00,31.88
4537778556,272,676,15988,-305,-30,-212,35.59,214,437,1.52,31.88
4537811823,248,616,16108,-312,-18,-227,35.68,196,900,0.00,31.88
4538436881,188,680,16108,-303,-11,-224,35.73,1581,574,0.00,31.88
4538471363,264,620,16020,-300,-7,-225,35.73,1540,579,1.43,31.88
4539096422,224,672,15984,-318,-21,-237,35.78,590,302,0.00,31.88
4539129709,252,680,16108,-323,-47,-225,35.73,600,241,0.00,31.88
4539754769,168,636,16236,-299,-13,-228,35.73,87,1660,0.78,31.88
4539788051,260,732,16108,-310,-4,-214,35.59,113,1646,0.00,31.88
4540413114,240,736,15968,-312,-22,-215,35.59,1826,555,0.00,31.88
4540447608,136,612,16100,-286,-26,-212,35.59,1668,557,1.43,31.88
4541072725,224,620,16116,-312,-2,-223,35.68,581,212,0.00,31.88
4541105983,240,588,16096,-290,-33,-234,35.68,605,183,0.00,31.88
4541731040,176,680,16064,-286,-13,-236,35.68,576,1582,0.78,31.88
4541764331,192,652,16224,-296,-54,-224,35.68,110,1569,0.00,31.88
4542389398,208,632,15932,-292,-26,-230,35.78,1266,562,0.00,31.88
4542423891,256,628,16128,-296,-26,-217,35.68,907,543,1.43,31.88
4543048974,180,788,16136,-271,-30,-231,35.73,580,237,0.00,31.88
4543082237,200,700,16152,-306,-38,-232,35.73,597,156,0.00,31.88
4543707338,240,656,16048,-296,6,-212,35.73,82,1671,0.78,31.88
4543740618,228,600,16192,-301,-22,-234,35.68,187,1863,0.00,31.88
4544365700,196,672,16168,-295,-6,-223,35.59,703,556,0.00,31.88
4544398985,248,628,16052,-315,-4,-215,35.68,637,549,1.43,31.88
4545024151,328,672,16084,-302,-34,-217,35.64,580,116,0.00,31.88
4545058630,240,632,16132,-309,-44,-222,35.64,543,99,0.00,31.88
4545683698,264,636,16108,-309,-23,-236,35.59,198,1850,0.00,31.88
4545716962,224,624,15908,-322,-30,-223,35.73,683,1831,0.00,31.88
4546342023,220,672,16052,-307,-21,-222,35.68,598,576,0.52,31.88
4546375298,192,652,16192,-303,-15,-207,35.68,619,563,0.00,31.88
4547000387,188,644,16108,-305,-21,-248,35.73,574,94,1.52,31.88
4547034887,284,684,15984,-321,-35,-225,35.64,503,86,0.00,31.88
4547659957,164,624,16108,-313,-41,-236,35.68,423,1931,0.00,31.88
4547693239,260,680,15972,-306,-27,-235,35.68,897,1717,0.00,31.88
4548318307,192,664,16156,-306,-33,-233,35.68,588,562,0.76,31.88
4548351577,276,632,16180,-297,-42,-239,35.64,618,588,0.00,31.88
4548976654,172,656,16064,-289,-37,-233,35.68,547,100,1.52,31.88
4549011136,372,676,16044,-320,-31,-242,35.68,504,74,0.00,31.88
4549636201,236,732,16156,-298,-17,-229,35.73,426,1946,0.00,31.88
4549669467,152,708,16176,-278,-37,-226,35.68,893,1699,0.00,31.88
4550294531,216,740,16172,-274,-20,-211,35.64,623,589,0.76,31.88
4550327823,264,640,15984,-271,-18,-224,35.73,628,593,0.00,31.88
4550952886,172,688,16064,-312,-29,-229,35.68,551,102,1.52,31.88
4550986198,196,708,16084,-298,-4,-218,35.78,564,81,0.00,31.94
4551611355,240,596,16116,-307,-34,-206,35.68,121,1703,1.52,31.94
4551645849,232,660,16124,-314,-4,-226,35.68,279,1836,0.00,31.88
4552270926,192,668,16116,-291,-18,-239,35.73,839,641,0.00,31.88
4552304195,276,608,16220,-301,-43,-227,35.73,718,610,1.43,31.88
4552929288,308,600,16144,-324,-12,-217,35.59,524,171,0.00,31.88
4552962556,336,692,15960,-288,-26,-228,35.78,580,157,0.00,31.88
4553587647,208,572,16200,-314,-29,-240,35.82,94,1538,0.78,31.88
4553622127,260,568,16240,-310,-29,-217,35.73,105,1554,0.00,31.88
4554247206,140,700,15936,-299,2,-213,35.68,1722,672,0.00,31.88
4554280476,256,720,16012,-276,-42,-228,35.78,1449,605,1.43,31.88
4554905557,192,592,16072,-308,-33,-222,35.73,1591,204,0.00,31.88
4554938844,256,700,16220,-291,5,-249,35.68,593,185,1.52,31.88
4555563900,244,544,16116,-282,-43,-223,35.78,74,1591,0.00,31.88
4555597180,216,708,16248,-315,-40,-226,35.68,83,1576,0.00,31.88
4556222361,156,640,16008,-303,-15,-229,35.82,1781,557,0.00,31.88
4556256850,188,740,16272,-289,-41,-229,35.64,1832,568,0.00,31.88
4556881923,180,584,16160,-306,-6,-229,35.73,578,243,0.52,31.88
4556915206,160,724,16092,-313,-30,-226,35.73,606,226,0.00,31.88
4557540272,232,564,16004,-290,-25,-236,35.68,163,1537,1.52,31.88
4557573558,284,664,16164,-303,-32,-223,35.78,145,1630,0.00,31.88
4558198631,320,748,16104,-290,-25,-225,35.78,1555,572,0.00,31.88
4558233117,128,560,15980,-290,-15,-210,35.73,1570,569,0.00,31.88
4558858193,160,592,16108,-299,-41,-207,35.73,577,440,0.76,31.88
4558891467,228,596,16188,-290,-28,-208,35.68,609,250,0.00,31.88
4559516529,220,628,15984,-307,-29,-214,35.68,143,969,1.52,31.88
4559549808,144,612,16040,-302,-27,-247,35.68,179,1260,0.00,31.88
4560174878,136,580,16216,-292,-32,-228,35.78,1601,597,0.00,31.88
4560209363,176,736,16244,-285,-28,-228,35.73,1581,574,1.43,31.88
4560834429,208,584,16152,-295,-15,-211,35.82,594,652,0.00,31.88
4560867713,96,708,16180,-302,-16,-218,35.82,598,544,0.00,31.88
4561492768,260,724,16248,-281,-16,-231,35.78,229,107,0.78,31.88
4561526047,220,636,16000,-322,-8,-231,35.73,221,422,0.00,31.88
4562151140,352,904,16128,-303,-20,-204,35.73,1395,983,0.00,31.88
4562184399,248,580,16064,-301,-31,-197,35.68,1599,756,0.00,31.88
4562809551,348,540,16112,-306,-15,-215,35.73,625,552,0.76,31.88
4562844050,184,768,16152,-295,-25,-218,35.73,589,557,0.00,31.94
4563469138,116,640,16096,-304,-34,-209,35.68,537,120,0.00,31.94
4563502415,248,620,16040,-314,-35,-220,35.78,480,112,0.00,31.88
4564127494,204,692,16192,-292,-12,-215,35.82,63,1812,0.00,31.88
4564160751,212,580,16048,-322,-5,-232,35.82,485,1842,0.00,31.88
4564785848,284,616,16160,-306,10,-241,35.78,1042,547,0.00,31.88
4564820324,308,676,15984,-286,-37,-193,35.82,768,555,0.50,31.88
4565445416,176,692,16060,-280,-10,-230,35.73,573,207,0.00,31.88
4565478688,280,632,16084,-320,-14,-229,35.82,606,184,0.00,31.94
4566103762,220,636,16088,-344,-48,-240,35.73,113,1640,0.78,31.94
4566137051,232,660,16248,-333,-39,-222,35.87,100,1614,0.00,31.88
4566762120,284,648,16052,-284,-45,-204,35.87,1558,557,0.00,31.88
4566796612,176,616,16036,-288,-11,-223,35.78,1665,563,0.00,31.88
4567421671,196,552,16184,-315,-16,-233,35.82,584,537,0.76,31.88
4567454979,240,608,16128,-313,-13,-234,35.82,608,261,0.00,31.94
4568080038,260,640,16020,-307,-2,-223,35.82,171,236,1.52,31.94
4568113315,300,668,16044,-293,-29,-201,35.82,206,613,0.00,31.94
4568738374,180,668,15932,-275,-21,-239,35.82,1384,1034,0.00,31.94
4568772864,260,660,16060,-317,-18,-229,35.92,1545,772,0.00,31.88
4569397948,204,604,16176,-290,-23,-237,35.92,629,672,0.76,31.88
4569431228,284,592,16112,-295,-32,-238,35.82,640,595,0.00,31.88
4570056311,140,664,16248,-283,-25,-212,35.82,625,118,1.52,31.88
4570089582,212,636,16120,-318,-11,-222,35.97,577,122,0.00,31.88
4570714652,248,664,16048,-289,-5,-215,35.73,108,1539,0.00,31.88
4570749127,224,664,16044,-297,-45,-243,35.92,126,1637,0.00,31.94
4571374210,292,776,16056,-318,-23,-220,35.92,1834,667,0.00,31.94
4571407491,196,632,16160,-302,-20,-227,35.78,1618,592,0.74,31.94
4572032579,100,728,16040,-308,-29,-224,35.82,549,230,0.00,31.94
4572065856,308,632,16040,-278,-17,-239,35.78,593,208,0.00,31.88
4572690908,164,716,16092,-301,-8,-216,35.92,151,1309,0.78,31.88
4572725382,296,588,15972,-293,-38,-205,35.87,149,1501,0.00,31.94
4573350451,200,712,16216,-306,5,-229,35.87,1620,694,0.00,31.94
4573383739,196,612,16176,-307,-37,-219,35.78,1603,614,1.43,31.94
4574008807,136,660,16180,-314,-53,-225,35.78,563,574,0.00,31.94
4574042078,300,728,16116,-311,-24,-241,35.92,608,594,0.00,31.94
4574667143,188,704,16224,-291,-32,-241,35.82,245,108,0.78,31.94
4574700429,240,708,16056,-314,-17,-240,35.92,235,119,0.00,31.94
4575325596,248,644,16128,-281,-10,-212,35.78,930,1664,0.00,31.94
4575360068,136,656,16048,-314,-32,-224,35.92,1185,1373,0.00,31.88
4575985126,196,616,16052,-294,-23,-240,35.87,655,604,0.76,31.88
4576018421,300,680,16144,-307,-33,-220,35.82,660,611,0.00,31.94
4576643485,164,648,16040,-307,-22,-225,35.82,517,138,1.52,31.94
4576676763,284,632,16080,-288,-27,-224,35.92,577,122,0.00,31.94
4577301846,220,680,16136,-306,1,-226,35.87,83,1569,1.52,31.94
4577336351,172,624,16028,-309,-42,-230,35.87,91,1545,0.00,31.94
4577961413,232,672,16192,-313,-24,-238,35.82,1830,631,0.00,31.94
4577994679,228,700,16104,-330,-33,-233,35.82,1857,613,0.00,31.88
4578619752,156,600,16144,-294,-30,-228,35.87,525,229,0.76,31.88
4578653018,128,692,16076,-284,-20,-235,35.87,584,219,0.00,31.94
4579278077,180,648,16112,-312,-10,-243,35.82,183,1210,1.52,31.94
4579312564,292,612,16308,-282,-35,-236,35.82,160,1431,0.00,31.94
4579937621,200,716,16032,-279,-22,-219,35.87,1613,653,0.00,31.94
4579970894,212,616,16200,-313,-10,-226,35.87,1630,643,0.00,31.94
4580595977,276,676,16080,-311,-23,-239,35.82,538,571,0.76,31.94
4580629280,248,612,16184,-319,-38,-202,35.82,598,559,0.00,31.88
4581254342,356,612,16088,-281,-34,-200,35.87,431,86,1.52,31.88
4581288836,244,632,16148,-293,-34,-216,35.87,242,103,0.00,31.94
4581913925,236,708,16120,-328,-7,-258,35.82,261,1865,0.00,31.94
4581947172,156,736,15908,-298,-16,-225,35.82,665,1838,0.00,31.94
4582572278,196,736,16184,-314,-16,-221,35.82,995,583,0.00,31.94
4582605532,88,632,16172,-299,-34,-206,35.73,825,555,0.74,31.94
4583230599,176,712,16196,-305,-25,-228,35.73,910,186,0.00,31.94
4583265094,160,716,16044,-302,-34,-215,35.82,572,180,1.52,31.94
4583890170,232,652,16100,-295,-29,-218,35.87,152,1603,0.00,31.94
4583923445,256,772,16128,-304,-4,-215,35.82,146,1751,0.00,31.94
4584548508,280,672,16044,-283,-41,-234,35.87,1557,586,0.00,31.94
4584581800,208,736,16188,-308,-21,-234,35.82,1546,560,0.76,31.94
4585206959,280,700,16108,-301,-18,-218,35.92,609,538,0.00,31.94
4585241455,228,608,16240,-296,-20,-226,35.82,565,532,0.00,31.94
4585866526,164,688,16188,-299,-33,-251,35.73,215,147,0.00,31.94
4585899791,248,672,16140,-306,-34,-217,35.82,228,138,0.00,31.94
4586524882,152,748,16172,-280,-14,-219,35.78,909,1630,0.00,31.94
4586558155,124,736,16132,-298,-21,-226,35.87,1234,1307,0.00,31.94
4587183218,148,604,16036,-305,-26,-229,35.82,682,565,0.39,31.94
4587217703,244,672,16104,-310,-29,-219,35.78,599,563,0.00,31.94
4587842784,208,640,15980,-288,-36,-237,35.87,560,164,0.00,31.94
4587876042,300,672,16220,-305,-11,-212,35.87,608,159,0.00,31.94
4588501126,180,616,16148,-286,-27,-217,35.82,94,1595,0.76,31.94
4588534409,284,704,16140,-308,-12,-234,35.82,97,1556,0.00,31.88
4589159484,252,648,16124,-319,-26,-221,35.92,1819,559,0.00,31.88
4589193957,180,664,16024,-298,-41,-209,35.87,1818,563,1.43,31.94
4589819023,212,628,16012,-292,-66,-230,35.82,576,258,0.00,31.94
4589852291,192,704,16192,-309,-35,-230,35.78,611,242,0.00,31.94
4590477359,212,644,16060,-297,-15,-216,35.82,127,1051,0.78,31.94
4590510657,228,648,16076,-350,-23,-208,35.82,180,1275,0.00,31.94
4591135727,196,652,16176,-289,-24,-234,35.92,1677,668,0.00,31.94
4591170217,112,600,16156,-321,-26,-210,35.78,1633,622,1.43,31.94
4591795287,164,656,16064,-294,-15,-239,35.87,594,614,0.00,31.94
4591828561,212,644,16040,-317,-17,-240,35.82,630,609,0.00,31.94
4592453655,256,680,16152,-304,-13,-222,35.82,505,99,0.78,31.94
4592486926,160,696,16160,-307,-30,-225,35.87,518,94,0.00,31.94
4593111982,160,644,16060,-273,-17,-253,35.78,128,1572,1.52,31.94
4593146470,300,604,15976,-315,-24,-229,35.82,110,1711,0.00,31.88
4593771552,256,704,16096,-322,-21,-232,35.73,1646,657,0.00,31.88
4593804833,248,656,15988,-285,-24,-225,35.82,1379,616,1.43,31.88
4594429908,308,560,16072,-310,-38,-228,35.78,532,214,0.00,31.88
4594463176,224,644,16024,-308,8,-211,35.82,582,196,0.00,31.94
4595088269,216,640,16028,-287,-13,-215,35.82,155,1374,0.78,31.94
4595122745,212,612,16068,-294,-7,-215,35.82,133,1589,0.00,31.94
4595747830,156,752,16176,-302,-15,-196,35.97,1627,704,0.00,31.94
4595781111,160,616,16052,-305,-30,-225,35.68,1617,632,1.43,31.94
4596406189,184,632,16048,-288,-34,-258,35.82,558,572,0.00,31.94
4596439460,156,640,16068,-310,-22,-232,35.73,593,579,0.00,31.94
4597064536,264,660,16056,-314,-1,-233,35.82,393,71,0.78,31.94
4597099031,212,636,15992,-314,-12,-224,35.73,245,88,0.00,31.94
4597724111,168,640,16064,-292,-15,-229,35.78,156,1886,0.00,31.94
4597757424,104,576,16160,-322,-47,-234,35.78,446,1863,0.00,31.88
4598382497,340,596,16116,-305,-11,-226,35.82,280,590,0.76,31.88
4598415776,196,704,16004,-315,-32,-226,35.82,1250,595,0.00,31.88
4599040867,232,744,16044,-293,-23,-226,35.82,560,205,1.52,31.88
4599075353,204,712,16036,-320,-25,-208,35.73,563,201,0.00,31.94
4599700435,200,748,15992,-306,-36,-230,35.82,176,1274,1.52,31.94
4599733726,188,724,16272,-317,-26,-227,35.82,180,1402,0.00,31.88
4600358785,236,668,16084,-323,-18,-229,35.82,1660,666,0.00,31.88
4600392044,208,648,16064,-296,-19,-216,35.82,1661,632,0.00,31.94
4601017148,152,564,16016,-291,-7,-229,35.78,581,538,0.76,31.94
4601051632,212,620,16128,-299,-7,-218,35.78,584,546,0.00,31.94
4601676702,224,604,16024,-317,-17,-230,35.78,568,145,1.52,31.94
4601709999,184,692,16080,-289,-36,-219,35.78,585,111,0.00,31.94
4602335073,108,696,16064,-299,-26,-232,35.78,91,1564,1.52,31.94
4602368357,204,740,16032,-296,-11,-230,35.78,114,1561,0.00,31.94
4602993417,228,656,16068,-320,-22,-225,35.73,1813,560,0.00,31.94
4603027907,220,652,16196,-307,-16,-219,35.82,1824,564,0.00,31.94
4603652978,192,596,16080,-297,-2,-190,35.73,583,284,0.76,31.94
4603686272,256,624,16112,-286,-58,-196,35.82,617,247,0.00,31.94
4604311328,240,648,16136,-282,-21,-229,35.87,137,350,1.52,31.94
4604344623,220,620,15996,-286,-16,-230,35.78,203,707,0.00,31.88
4604969685,224,600,16164,-294,-39,-228,35.82,1268,1264,0.00,31.88
4605004180,176,720,16064,-318,-30,-205,35.73,1439,972,0.00,31.88
4605629248,140,748,16008,-265,-35,-213,35.78,684,598,0.76,31.88
4605662521,232,728,16088,-315,-61,-215,35.73,680,620,0.00,31.88
4606287586,200,620,16016,-299,-28,-230,35.82,528,185,0.00,31.88
4606320850,200,668,16072,-327,-10,-228,35.73,575,171,0.00,31.94
4606945922,152,732,16136,-306,-30,-219,35.87,143,1627,0.76,31.94
4606980406,256,588,16256,-300,-32,-227,35.68,90,1644,0.00,31.94
4607605482,112,628,16244,-292,-20,-238,35.82,1547,622,0.00,31.94
4607638754,244,680,16092,-302,6,-229,35.68,1587,639,0.00,31.94
4608263811,320,720,16024,-283,-19,-226,35.68,554,548,0.76,31.94
4608297073,212,672,16164,-303,-34,-229,35.78,596,532,0.00,31.88
4608922142,264,680,16364,-312,-22,-229,35.82,475,99,1.52,31.88
4608956651,316,720,16072,-291,-30,-220,35.73,291,107,0.00,31.88
4609581722,240,596,16004,-304,-20,-228,35.78,87,1653,0.00,31.88
4609614978,240,644,16196,-309,-26,-228,35.78,127,1817,0.00,31.88
4610240058,264,612,16288,-296,-47,-214,35.78,1753,573,0.00,31.88
4610273351,216,632,16076,-311,-46,-227,35.68,1577,544,0.74,31.94
4610898510,324,684,16060,-342,-16,-237,35.68,1673,245,0.00,31.94
4610932993,160,612,16080,-298,-47,-216,35.64,569,215,1.52,31.88
4611558078,196,656,15992,-301,-24,-213,35.68,202,579,0.00,31.88
4611591336,228,592,16128,-283,-22,-216,35.82,202,896,0.00,31.88
4612216401,176,552,16056,-305,-28,-235,35.73,1192,1335,0.00,31.88
4612249700,232,724,16176,-296,-19,-234,35.82,1398,1041,0.00,31.88
4612874852,252,640,16160,-289,-37,-216,35.78,1297,592,0.52,31.88
4612909342,348,652,16176,-327,-37,-223,35.78,664,575,0.00,31.88
4613534413,280,716,16088,-269,-10,-215,35.78,558,207,0.00,31.88
4613567705,280,672,16048,-291,-6,-195,35.73,603,194,0.00,31.94
4614192771,308,620,16184,-306,-9,-222,35.73,113,1461,0.76,31.94
4614226058,188,708,16212,-290,-29,-235,35.64,150,1596,0.00,31.94
4614851142,200,668,16048,-286,-13,-219,35.73,1649,645,0.00,31.94
4614885631,228,684,16092,-311,-41,-212,35.73,1622,618,1.43,31.88
4615510714,188,664,16104,-288,-29,-209,35.73,587,603,0.00,31.88
4615543975,320,752,15904,-287,-17,-209,35.73,626,606,0.00,31.88
4616169033,300,620,15732,-315,-32,-211,35.73,525,149,0.78,31.88
4616202304,140,644,16120,-305,-31,-233,35.78,567,121,0.00,31.88
4616827377,240,580,16128,-307,-7,-236,35.73,98,1596,1.52,31.88
4616861868,264,760,16028,-315,-39,-218,35.64,67,1587,0.00,31.88
4617486939,320,652,16084,-295,-48,-221,35.64,1515,621,0.00,31.88
4617520214,284,672,16236,-305,4,-213,35.73,1638,622,0.00,31.88
4618145291,148,700,16108,-306,-43,-243,35.68,534,557,0.76,31.88
4618178561,152,692,16072,-296,-14,-214,35.78,593,516,0.00,31.94
4618803654,124,680,16072,-285,-11,-221,35.64,350,89,1.52,31.94
4618838134,220,656,16028,-301,-24,-246,35.68,235,108,0.00,31.88
4619463188,320,660,16232,-308,-24,-223,35.64,110,1685,0.00,31.88
4619496453,248,628,16140,-317,-45,-227,35.82,135,1823,0.00,31.88
4620121528,260,752,16072,-323,-27,-216,35.68,1791,581,0.00,31.88
4620154800,228,728,16052,-276,-24,-240,35.73,1714,568,0.74,31.88
4620779883,156,712,16092,-305,-54,-217,35.73,599,244,0.00,31.88
4620814373,236,664,16016,-317,-24,-209,35.64,584,231,0.00,31.94
4621439453,220,696,16072,-310,-1,-204,35.73,227,116,0.00,31.94
4621472722,212,664,16168,-297,-16,-212,35.73,227,243,0.00,31.88
4622097799,272,708,16084,-307,-35,-224,35.78,533,1815,0.00,31.88
4622132291,112,680,15972,-284,-21,-208,35.64,894,1666,0.00,31.88
4622757359,148,668,16108,-302,-48,-225,35.78,1411,675,0.00,31.88
4622790639,276,688,16092,-305,-30,-220,35.78,1130,598,0.38,31.88
4623415712,236,620,16004,-320,3,-215,35.73,549,221,0.00,31.88
4623448977,244,632,15964,-315,-15,-227,35.64,588,210,0.00,31.88
4624074056,276,700,16084,-277,-20,-220,35.68,177,591,0.78,31.88
4624108532,216,708,16152,-279,-20,-236,35.73,177,893,0.00,31.94
4624733607,248,688,16260,-299,-19,-226,35.73,1202,1440,0.00,31.94
4624766871,264,620,16272,-326,-23,-217,35.73,1412,1100,0.00,31.88
4625391940,232,592,16064,-310,-19,-242,35.78,728,581,0.76,31.88
4625425215,216,668,16260,-327,-25,-235,35.68,692,566,0.00,31.88
4626050274,160,708,16024,-308,-5,-242,35.68,597,180,0.00,31.88
4626084761,244,708,16244,-307,-22,-202,35.78,563,166,0.00,31.88
4626709847,128,572,16004,-286,-64,-212,35.73,171,1460,0.00,31.88
4626743113,120,564,16064,-315,-52,-236,35.73,169,1612,0.00,31.88
4627368180,220,724,16104,-272,-47,-240,35.68,1618,656,0.00,31.88
4627401461,208,692,16060,-309,-26,-201,35.68,1639,602,0.00,31.88
4628026534,176,704,16120,-282,-33,-222,35.82,603,555,0.38,31.88
4628061010,204,516,16024,-293,-8,-227,35.73,578,558,0.00,31.88
4628686082,84,508,16092,-310,-21,-216,35.78,556,154,0.00,31.88
4628719346,136,600,16128,-294,-24,-246,35.68,603,132,0.00,31.88
4629344403,204,680,15964,-328,-17,-228,35.64,42,1589,0.76,31.88
4629377678,240,628,15996,-307,-26,-228,35.73,97,1549,0.00,31.88
4630002743,256,636,16128,-290,-11,-238,35.78,1670,579,0.00,31.88
